source,target
GGCTATCCAAAAAGTAAAGAAGCATGCAACAGTGATAAAAGCA,CATGCAACAGTGATAAAAGCATTGCGCCCAATAATAATCTTTGAAACATATTGTGTGTTTAAATACAGCATTGCAAAACATTATTTTGATAGTCAGGGTACGTGGTACAGTGTGACTTCTGACAGATGCTTAACACCAGGCCTTTCCTCTTACATCAAAAGAAACCAATTTCCTCCACTACCTATGATCAAAGAACTTTTGTGGGAATTTTATCACTTAGATCATCCTCCGTTATTCTCCACCAAAGTGATTAGTGATTTGAGTATCTTTATTAAAGATCGTGCTACTGCAGTCGAGAAAACATGCTGGGACGCAGTTTTTGAACCCAATGTTC
CTCTGTGAGTTGTTTTCAGTGCAAAAGCATTGGGGGCACCCTGTCTTGCATAGCGAAAAGGCTATCCAAAAAGTAAAGAA,GGCTATCCAAAAAGTAAAGAAACATGCAACAGTGATAAAAGCA
GTAATTTGCAAGCTAGGAAAAGACAATTCTGCATTGGACATTATTCATGCTGAGTTCCAAG,TTATTCATGCTGAGTTCCAAGACAGCCTTGCTGAAGGTGATTC
GTGGGGAAACACGATCATTCACCACTCACTTCTTGACATATCCTAAGATTGGAC,TGACATATCCTAAGATTGGACTACTATATAG
GTAGAGGCACGGGACCATCCAGCCCCACGGTCCC,ACCATCCAGCCCCACGGTCCCTAACACCACAGAAAGCCACGCC
TGACATATCCTAAGATTGGACCACTATATAGTTTTGGTGCACT,ACTATATAGTTTTGGTGCACTCATCAGTTAT
AGAAATTATTTCTGGAATAACTACACCAAGAATGCTTCTCCCTATTATGTCTAGGTTCCATG,CTATTATGTCTAGGTTCCATGGTGGACAAATAAAAGTCACTTTAAACAATTCTGCAAGCCAGATTACCGATATTACTAATCCAAGTTGGTTGGCAGACCAAAAATCTAGGATCCCTAAGCAAGTAGAGATTATAACCATGGATGCTGAAACAACAGAAAACATTAATCGGTCAAAATTGTACGAAGCAGTCCAACAGCTGATTGTCTCACATATTGATCCGAATGCACTCAAAGTTGTGGTTCTT
GGTTTATCACAATGGATGATCAACAATTCTACTGGCCTGTAAT,ACAATTCTACTGGCCTGTAATGAATCACAGGAACAAATTCATGGCTATCCTTCAGCACCACAAGTAATTTCTTCATAATGACAGATCATTGTAAGGTTATTACCACCATCCCTGCAACAAAGCATGAAAACCACACTCAACAAC
AACACTGATCATACCAAATCACTTATCGGCCTGGAGGGGCCCC,TTATCGGCCTGGAGGGGCCCCAAGAAGACCACAGCACCACACAGCCTGCCAAGACCACCAGCCAACCAACCAACAGCACAGAATCGACGACACTAAACCCAACATCAGAGCCCTCC
TTATCGGCCTGGAGGGGCCCCAAGAAGACCACAGCACCACACAGCCTGCCAAGACCACCAGCCAACCAACCAACAGCACAGAATCGACGACACTAAACCCAACATCAGAGCCCTCC,AACCCAACATCAGAGCCCTCCAGTAGAGGCACGGGACCATCCA
ACTATATAGTTTTGGTGCACTCATCAGTTAT,TTTGGTGCACTCATCAGTTATTATCTAGGCAACACCATTATTAGAACCAAAAAATTGACTCTTAACAACTTCATATATTACCTAGCTACTCAAATACATAATTTACCTCATCGCTCGT
CTAGTATATACAATGCCACCAACTTAATTCTA,AATGCCACCAACTTAATTCTAAGATTTTGTATATCTCGGAAATTCAAAATTAAATGCTACGTTATTGATTCAATTAAGAAAAAGACAATGGACCATCAAAATTAGTTCAATACCTGAACTAATGCA
ACAATTATAATTACCCGGACAAA,AATTATAATTACCCGGACAAAAATGGGTTTTTTGGTAGAGTTG
CGCGATGTATCTCCCAATATCACAGGCACAGATGGGTGCCCTTCTGCCAATGAGGGTTC,CCCTTCTGCCAATGAGGGTTCTAACAGCAATAACAATAATTTA
TCAGGGTCCGACTGCCTTCCCAGACCCAAAAACACGGCCCCCCGGACTCGCAACACCCAGAC,CCGGACTCGCAACACCCAGACTCAGACCGATCCGGTTTGCAAT
GCTCGTTGAGAATCCTTAAACGTACTTTGAAACACGCTAGTGT,TACTTTGAAACACGCTAGTGTTATCTCGAGATTAATAA
CAGATGCAAGCACTAATCTTAGAATTCAATAGTT,TAATCTTAGAATTCAATAGTTCTCTCGCTA
TGACCTTTGCACTCTCTCAGTGGCCCAGACGGTCCAGGGATGG,GCCCAGACGGTCCAGGGATGGAAGGTTACCTGGGCTGGGATTGAATTTGATGTTACACAGAAAGGGATGGCCTTATTGCACAGGCTCAAGACCAGTGATTTTGCTCCAGCCTGGTCAATGACCAGGAACTTATTTCCACAT
GTGTCTGTGGGGTCTTTCCGTGTAGAAGGGCACACAGCCATAATTCTTCCTCTTTATACAACATGGCTACACAACATACGCAATATCCAGACGCAAGGTTATCATCACCTATAGTTTTAGATCAGTGTGATCTTGTCACTCGTGCTTGTGGATTGTATTCCGCATACTCCTTAAATCCCCAACTAAAGAACTGTAGACTACCGAAACATATATACCGACTAAAATATGACACCACTGTTACAGAGTTTTTGAGTGATGTGCCGGTAGCAACATTGCCAGCGGATTTTTTAGTACCTACATTTCTTAGGACTCTATCAGGAAATGGTTCTTGTCCAATTGATCCAAAATGCAGTCAATTTTTAGAAGAAATTGTCAATTATACTCTACAAGATATTCGCTTCCTAAACTATTACCTCAATCGAGCCGGAGTGCATAACGATCATGTGGATAGGGA,TAACGATCATGTGGATAGGGATTTTGGACAAAAAATT
TAACGATCATGTGGATAGGGATTTTGGACAAAAAATT,AGGGATTTTGGACAAAAAATTGGCAATCTAATTTGCGACAATG
CAAGGGAACAGACCTGGGTCAATTGTCATTAAGCAAGCCATTA,TTGTCATTAAGCAAGCCATTAGATTTTGGAACTATAACTTTGGCCTTGGCAGTACCACAAGTCTTGGGTGGCTTATCATTCCTAAATCCAGAAAAATGTTTTTATAGAAATCTGGGTGATCCTGTTACTTCAGGGCTGTTTCAGCTCAAGACATATCTTCAAATGATCCACATG
TAGCATCCCTCCTTTGGAATCTGACGAAGAAAACAACACTGAG,GACGAAGAAAACAACACTGAGACAACCATTACCACCACAAAAAATACCACTGCTCCACCAGCACCTGTTTATCGGAGTAATTCAGAAAAGGAGCCCCTCCCGCA
TTGTACTGCCGTTTTTTACATAGTCTCATAATTATAACGAAAG,GTCTCATAATTATAACGAAAGACCCTCTATCAGAAAGTCTGAGGGGACAACAGAGATTGTAAGGCTTACTCGGCAGCTGAGGGCAATACCAGACACCACAATATATTGCCGCTTCACGGGAATAGTTTCTTCAATGCACTATAAGCTCGATGAAGTCCTTTGGGAATTTGATAATTTTAAGTCTGCTATAACACTTGCCGAAGGTGAAGGTTCGGGTGCATTACTCTTATTACAAAAATATAAAGTAGAAACCTTGTTTTTTAATACACTAGCCACAGAACACAGCATTG
CAGATGCAAGCACTAATCTTAAAATTCAATAGTTCTCTCGCTA,AATTCAATAGTTCTCTCGCTATTTAACTCAACTCATCAAAATGCTAACTTGTGATCCTTAAGCTGCACCTTAGACTTTTGATAAGAATACTAACTATTGATGATTGTCTTTGACATGAGGATAAGAACACTGCCCATTAGATAGATGGGGTTCAC
AATACAATTTAGCATTCCGATCTGAGTTTACAGCTCCTATTATTGAATACTGTAATCGTT,TTATTGAATACTGTAATCGTTGTTACGGTGTAAGAAATTTGTTTAATT
AACTTCTTTCATGCTTCATTAGCATACTGGAGAAGTCGATCTAAAAATCAAGACAAAAGAGAGATGACAAAGATATTATCTTTGACGCAAACGGAAAAGAAAAATTCATTCGGCTATACAGCACATCCAGAAAGCACTGCTGTTCTTGGTTCCCTCCAGACCAGCC,TTGGTTCCCTCCAGACCAGCCCTGCTCCACCTCCATCTGCTGA
AGCAACAATTCATCAACGGATTCAATCAGTAGTGGGGAAACAC,CAATCAGTAGTGGGGAAACACGATCATTCA
TGACATATCCTAAGATTGGACTACTATATAG,TAAGATTGGACTACTATATAGTTTTGGTGCACT
CACCAGGTTACAAACCTAGAAGAAATATGCCAATTGATCATTC,AAATATGCCAATTGATCATTCAAGCCTTTGAAGCTGGTGTTGATTTTCA
CATGCAACAGTGATAAAAGCATTGCGCCCAATAATAATCTTTGAAACATATTGTGTGTTTAAATACAGCATTGCAAAACATTATTTTGATAGTCAGGGTACGTGGTACAGTGTGACTTCTGACAGATGCTTAACACCAGGCCTTTCCTCTTACATCAAAAGAAACCAATTTCCTCCACTACCTATGATCAAAGAACTTTTGTGGGAATTTTATCACTTAGATCATCCTCCGTTATTCTCCACCAAAGTGATTAGTGATTTGAGTATCTTTATTAAAGATCGTGCTACTGCAGTCGAGAAAACATGCTGGGACGCAGTTTTTGAACCCAATGTTC,CAGTTTTTGAACCCAATGTTCTTGGTTATAACC
GGAGAATTTCTCAATAGAGAGTGTCCTACATTATGCTCAACGT,GTCCTACATTATGCTCAACGTCTGGAATATCTTCTCCCGGAGTACCGGAACTTCTCTTTTTCACTCAA
GTGGACCTGGCTTCCTGACGAACACAATACGGGGGGTTACAAATCTCCTGACAGGATCCAGAAGAAAGCGAAGGGATGTCACTCCCAATACACAACCCAAATGCAAC,AATACACAACCCAAATGCAACGCAAACCTGCACTATTGGACAG
GAACAATGAATTCTGGTGCAGACAACACTGCCAGTGGCCCTAATTACACAACAACTGGTGTGATGACAAATGATACTCCCTCTAATTCACTCCGACCAGTTGCAGATGATAATATTGATCATCCGAGCCACACGCCTAACAGTGTTGCCTCTGCATTTATATTGGAAGCTATGGTGAA,TATATTGGAAGCTATGGTGAAGGTAATATCTGGCCCGAAAGTG
AACCACTTTCAAATGCGCACAAAACAGGCTAAGGAGCAACTAA,AACAGGCTAAGGAGCAACTAAGTCTAAAAATGTTGTCCCTGGTGCGATCAAACATCCTAAAGTTCATCAACCAACTAGATGCACTACATGTTGTGAATTACAATGGACTTCTCAGTAGCATTGAAATTGGCACCAAAAGCCATACAATTATAATTACCCGGACA
GGTATAATTCAGCCAGGCCTAAGACAGTAGCTAATCACAGTCATCATGGGAGCGTCAGGGATTCTGCAATTG,GCGTCAGGGATTCTGCAATTGCCCCGTGAGCGCTTCAGGAAAA
GACAATAGGGACAACCACCTTCGACACTAGCCAAGCTTGTCGT,GACACTAGCCAAGCTTGTCGTGGGCACACAGCATTTTATCTTGCAACGTCGACATTCCCATCAATCTGAGGAGTAACAGCTATCAAAACAACGCATATGTAGACATTGTCGGTAATAGTACTGCCTAAGACAACTATTTATAATAACAGTTGGAATTCATTTTTTCACCCAAGCTATTCTCAAGTTAACAGTTGAAACAGGACTCGACCCAGGACAACTCCGGATACGTAACATAAGAAAAGAACAACCCTTGACCCAGAGTGAACAAGCTCATACTATCAAGGCTAATCCTCGGGCCTGCCTGGAGTCCACAATGGCCAAGGCTACTGGGAGGTACAACCTT
AGCTAAAGCACGTTTTTCAGGATTAT,AAGCACGTTTTTCAGGATTATTGATCGTTAAAACAGTGCTAGATCACATCCTTCAGAAAACAGAGC
GACACAATGCCAACCACAGTGACG,ACAATGCCAACCACAGTGACGGGTGTACCAACAACCACAC
TAATACTGTTCTTCTGTCCAACGGTATAATTCAGCCAGGCCTA,GGTATAATTCAGCCAGGCCTAAGACAGTAGCTAATCACAGTCATCATGGGAGCGTCAGGGATTCTGCAATTG
GATGTACCAACGGCAACCAAAAGATGGGGTTTTCGAGCTGGTGTTCCACCAAAGGTGGTAAATTGCGAAGCTGGAGAATGGGCTGAGAACTGTTATAACCTGGCTATAAAGAAAGTTGATGGTAGTGAGTGCCTACCAGAAGCCCCTGAGGGAGTGAGGGATTTTCCCCGTTGCCGCTATGTACACAAAGTCTCAGGAACTGGACCATGCCCAGGAGGACTCGCCTTTCACAAAGAAGGAGCCTTCTTCCTGTATGACCGACTCGCATCAACAATCATTTATCGGGGTACAACCTTTGCCGAAGGAGTTATTGCATTTCTGATCTTGCCTAAGGCGCGAAAGGATTTTTTCCAGTCTCCTCCATTGCATGAGCCTGCCAACATGACCACGGATCCCTCCAGTTACTATCACACGACAACAATAAACTACGTGGTTGATAATTTTGGAACCAACACCACAGAGTTTCTGTTCCAAGTCGATCATTTGACGTATGTGCAGCTCGAGGCAAGATTCACACCACAATTCCTTGTCCTCCTAAATGAAACCATCTACTCTGATAACCGCAGAAGTAACACAACAGGA,CGCAGAAGTAACACAACAGGAGAACTAATCTGGAAAATAAATC
CAGGACCAGTCAAATTCTCCCTCCTCCATGAATCAACCTTGAAGACACTTGCTAAAAAACCTGCGACCCAGATGCAAGCACTAATCTTA,CAGATGCAAGCACTAATCTTAAAATTCAATAGTTCTCTCGCTA
GCTGCTAGCTTAGCAAAAGTCACAAGTGCCTGCGGCATCTTTTTAAAACCTGATGAAACTTTTG,TAAAACCTGATGAAACTTTTGGTCACTCAGGTTTCATTTATTT
AGAAAGCCTTTTGCATCAAGCTTCTTGGCATCACACAAGTGAT,TCTTGGCATCACACAAGTGATGATTTTGGTGAGAATGCTACTGTTAGAGGCAGTAGTTTTGTAACAGACTTGGAAAAATACAATTTAGCATTCCGAT
GAGAGTTCATCTGTTGTTATTTCAGGTTTGAGAATGCTGATACCCCAGTCGGAAGCCACTGAGGTTGTAACCCCCTCCGAAACCTGCACATGGTCAGAAGGAGGAAGTTCCCATTGAAGCCCCAAATCACAAGGCGAGCTAAAAAATCCCTTTTGAACATGCATAACATCACATACAATTTCAAAGGCATTGGAATAAATGGTGATTTCAGGAAGATTAGTGTTTGCCCTCAAAATCAGATCCGAGCAATAATCATCTACTCTACAGCCAGTTAATTTCTAATATAA,GCCAGTTAATTTCTAATATAAAGGTTAAAAAAATGCTGCAGGC
CCCCAAGCAAATCAGCTCAAACCGTCTATCTCTCCCCGCTTCA,CGTCTATCTCTCCCCGCTTCACTCCACACCCCAGATTCAGCAAACGATCAACGCACT
CAGACCGATCCGGTTTGCAATCACAATTTTGAAGACGTTACACAAGCACTAACATCATTAACCAATGTCATACAAAAACAGGCTCTTAACTTAGAGTCTCTCGAACAACGCATCATAGATCTAGAGAATGGCTTAAAGCCAATGTATGACATGGCTAAAGTCATTTCTGCATTGAATAGATCTTGTGCTGAGATGGTAGCAAAATATGATCTCCTGGTGATGACAACTGGCCGCGCAACCGCCACCGCCGCTGCAACTGAGGCTTATTGGGAGGAACATGGACAACCACCACCTGGACCATCACTTTATGAAGAGAGTGCGATTAGAGGCAAGATTAACAAGCAAGAGGATAAAGTACCTAAGGAAGTTCAAGAAGCTTTTCGTAATCTGGACAGTACCAGCTCACTAACAGAAGAGAACTTTGGCAAGCCAGATATATCTGCAAAGGACCTACGAGACATCATGTATGACCACCTACCAGGCTTCGGTACGGCTTTTCACCAACTGGTCCAGGTAATTTGCAAGCTAGGAAAA,GTAATTTGCAAGCTAGGAAAAA
TTTGCGACAATGAGGTTTTACGTCAAATGTTTCACTGGTATGA,TCAAATGTTTCACTGGTATGATCTTGCAATTCTAGCACGTAGAGGGCGACTAAATAGAGGGAATAATCGCTCAACAT
GATGTACCAACGGCAACCAAAAGATGGGGTTTTCGAGCTGGTGTTCCACCAAAGGTGGTAAATTGCGAAGCTGGAGAATGGGCTGAGAACTGTTATAACCTGGCTATAAAGAAAGTTGATGGTAGTGAGTGCCTACCAGAAGCCCCTGAGGGAGTGAGGGATTTTCCCCGTTGCCGCTATGTACACAAAGTCTCAGGAACTGGACCATGCCCAGGAGGACTCGCCTTTCACAAAGAAGGAGCCTTCTTCCTGTATGACCGACTCGCATCAACAATCATTTATCGGGGTACAACCTTTGCCGAAGGAGTTATTGCATTTCTGATCTTGCCTAAGGCGCGAAAGGATTTTTTCCAGTCTCCTCCATTGCATGAGCCTGCCAACATGACCACGGATCCCTCCAGTTACTATCACACGACAACAATAAACTACGTGGTTGATAATTTTGGAACCAACACCACAGAGTTTCTGTTCCAAGTCGATCATTTGACGTATGTGCAGCTCGAGGCAAGATTCACACCACAATTCCTTGTCCTCCTAAATGAAACCATCTACTCTGATAACCGCAGAAGTAACACAACAGGA,CGCAGAAGTAACACAACAGGAAAACTAATCTGGAAAATAAATC
AAATATGCCAATTGATCATTCAAGCCTTTGAAGCTGGTGTTGATTTTCA,TGAAGCTGGTGTTGATTTTCAAGAGAGTGCAGACAGTTTCTTG
GAGAAGGAGTTAAACATTGGACGAGCTTTTGGGAAATTGCCATATCCAACACGCAATGTTCAAACTCTGTGCGAAGCTTTGTTAGCAGATGGTTTGGCGAAAGCATTCCCAAGCAATATGATGGTTGTGACAGAGCGCGAGCAAAAAGAAAGCCTTTTGCATCAAGC,AGAAAGCCTTTTGCATCAAGCGTCTTGGCATCACACAAGTGAT
TGAAACTCCAGCTGTGTCAACTGGCACGCTCCGCCCAGGGATCTCATTCCATCCCAAATTAAGGCCTATCCTGCTACCAGGAAGAGCTGGAAAGAAGGGCTCCAACTCCGATCTAACATCTCCTGACAAAATCCAGGCTATAATGAATTTCCTACAAGACCTCAAAATTGTACCAATCGATCCAACCAAGAATATCATGGGTATTGAAGTGCCAGAACTCCTGGTTCACAGGCTGACTGGGAAGAAGACAACTACCAAGAATGGTCAACCAATCATTCCAATTCTGCTACCAAAGTACATTGGTCTTGATCCTCTATCTCAAGGTGATCTCACAATGGTGATCACTCAGGACTGTGAT,GTGATCACTCAGGACTGTGATCCCTGCCACTCCCCGGCCAGTC
TGAAGATAATGCCGCTAGAGTTGCTGCTAGCTTAGCAAAAGTC,GCTGCTAGCTTAGCAAAAGTCACAAGTGCCTGCGGCATCTTTTTAAAACCTGATGAAACTTTTG
AAACCAAGTGAGTGGTAGTGAGAATACCGACAATAAACCTCAC,AATACCGACAATAAACCTCACTCAGAGCAATCAGTGGAAGAAATGTATCGACACATCCTCCAAACACAAGGACCATTTGATGCCATCCTATACTATTACATGATGACGGAGGAGCCGATTGTCTTTAGCACTAGTGATGGGAAAGAATACGTATACCCTGATTCTCTTGAAGGGGAGCATCCACCGTGGCTCAGTGAAAAAGAGGCCTTGAATGAGGACAATAGGTTTATCACAATGGATGATC
ACCATGAGACTCAACATCACACTGCCAGAGCACCTCACCGCAA,TGCCAGAGCACCTCACCGCAAG
GACGCGCAAATTTTCAAAATCTCAACTTAGCTTGCTATGTGAA,CAACTTAGCTTGCTATGTGAAAGCCACTTACGGCGAGAAGGACTTGGTCAAGACC
CCCCAAGCAAATCAGCTCAAATCGTCTATCTCTCCCCGCTTCA,CGTCTATCTCTCCCCGCTTCACTCCACACCCCAGATTCAGCAAACGATCAACGCACT
GATGCACTACACTATACCACAGTGTTATATACATGTGAGTGATTATTATAACCCCCCACATGGAGTCTCTCTCGAAAACCGAGAAAATCCACCAGAAGGTCCAAGCTCTTACCGTGGTCATCTAGGCGGGATTGAGGGACTTCAACAAAAACTCTGGACAAGCATCTCATGTGCACAGATTTCATTAGTTG,GTGCACAGATTTCATTAGTTGAAATCAAAACCGGTTTTAAACTGCGATCTGCGGTAATGGGTGACAATCAATGTATAACTGTACTCTCTGTATTTCCCCTCGAAACTGAGTCTAGTGAGCAAGAATTAAGTTCTGAAGATAATGCCGCTAGAGT
GCAAAACATCAAGGGAAAGGAAACAATGCCAACCACAGTGACG,ACAATGCCAACCACAGTGACGGGTGTACCAACAACCACAC
TTAAGGACCTCACAAAATTCCTGGGGATTGA,CACAAAATTCCTGGGGATTGAAAAGAACTGGATAACTCAATAA
CAAGACCAAACCGCACACATCCAGATCAACCCAAACCCTCAAA,AGATCAACCCAAACCCTCAAACACCACCCCACTCCGC
CTCCCATCTCCGCCCACAACCACGCAGCCGAAG,CCCACAACCACGCAGCCGAAGACCACAAAGA
AATACCGACAATAAACCTCACTCAGAGCAATCAGTGGAAGAAATGTATCGACACATCCTCCAAACACAAGGACCATTTGATGCCATCCTATACTATTACATGATGACGGAGGAGCCGATTGTCTTTAGCACTAGTGATGGGAAAGAATACGTATACCCTGATTCTCTTGAAGGGGAGCATCCACCGTGGCTCAGTGAAAAAGAGGCCTTGAATGAGGACAATAGGTTTATCACAATGGATGATC,GGTTTATCACAATGGATGATCAACAATTCTACTGGCCTGTAAT
CCAGGATACACCAACACCCCATCGAGCTCTAACTCCCATCAGC,CGAGCTCTAACTCCCATCAGCGAAGAAACCGGC
GGAATCGAAACCCGACTAATATGCCAAAGAAAGACTCCACACA,GCCAAAGAAAGACTCCACACAAAACAATGACAATCCTGCACAGCGGGCTCAAGAATACGCCAGGGATAACATCCAGGATACACCAACACCCCA
CAACTTAGCTTGCTATGTGAAAGCCACTTACGGCGAGAAGGACTTGGTCAAGACC,GAGAAGGACTTGGTCAAGACCGATCAGAGTCAGTTCTGGAGGT
AACCCTTCATAGAAGCACGAGTAAATTTAAGCGTACAGGAAATTCTCCAAATGACACCTTCT,ATTCTCCAAATGACACCTTCTAATTACTCCGGC
TTGTTGCATTGAACCCCAAGATTGGACCAAAAATATCACTGATAAAATTGATCAAATAATCCATGACTTTGTCGATAATAATCTTCCAAATCAGAATGATGGCAGCAACTGGTGGACTGGATGGAAACAATGGGTTCCTGCTGGAATAGGAATCACAGGAGTAATCATTGCTATTATTGC,AGTAATCATTGCTATTATTGCTTTGCTGTGCATTTGCAAATTC
AAGAGACAACTTAAACCTCCGGTTCGGCAACACAGGGAATAAT,TTCGGCAACACAGGGAATAATCTCACCAGACCCGGCAGTGTCTTCAGGCTTCATAGCCCCAAGATGGAGAGTCGGGCCCACAAAGCATGGATGACGCACACCGCATCAGGTTTCGAAACAGATTACCATAAGATTTTAACAGCAGGATTGTCAGTCCAACAAGGCATTGTGAGACAACGGGTCATTCAAGTCCACCAGGTTACAAACCTAGAA
GCGGCAAATTCAAGTTCATTCCGAGCAGGGATTGATCCAATAC,GAGCAGGGATTGATCCAATACCCCACAGCCTGGCAGTCAG
GCTACTGGGAGGTACAACCTTTTCTCCCCAAAGAAAGATCTTG,TCTCCCCAAAGAAAGATCTTGAAAAAGGGCTGGTTCTGAATGACCTTTGCACTCTCTCAGT
CTTCCTACGTCAGATAGTGCGCCGAACAATTACTCTAAGTGCT,CGAACAATTACTCTAAGTGCTAAAAATAAATTAATAAACACTTTGTTCCATTCTTCTGCTGATTTAGAAGATGAAATGGTTTGCAAATGGTTGCTTTCTTCTACACCAGTCATGAGTAGGTTTGCCGCCGATATATTTTCTCGCACTCCCAGTGGGAAACGTTTACAGATCTTAGGTTACCTTGAAGGGACTAGAACATTGTTAGCCTCTAAAATTATAAATCATAATACTGAGACACCTATCCTAG
GTGTTATCTCGAGATTAATAAGTATTGACTCTCACTTCTCAAT,TATTGACTCTCACTTCTCAATTTATATTGGAGGAACTGCTGGTG
ACATCCTTCAGAAAACAGAGCCCGGAGTGCGTCTTCATCCTTT,CGGAGTGCGTCTTCATCCTTTGGCAAGAACTGCTAAGGTCAAGAACGAAGTAAATTCCTTTAAGGCTGCCCTTAGCTCGCTAGCACAACATGGAGAGTATGCTCCTTTTGCTCGCTTGCTGAATCTTTCTGGAGTCAACAATCTCGAGCACGGACTGTTTCCTCAGCTTTCTGCAATTGCCCTAGGTGTCGCAACGGCACACGGCAGTACCCTGGCAGGAGTAAATGTGGGG
TTATTCATGCTGAGTTCCAAGACAGCCTTGCTGAAGGTGATTC,CAGCCTTGCTGAAGGTGATTCTCCCCAATGTGC
CCACAAAGAATTGGTTTCAGAGGATTCCACTCCAGTGGTTCAGATGCAAAACATCAAGGGAAAGGA,GCAAAACATCAAGGGAAAGGAAACAATGCCAACCACAGTGACG
AGCCACACAATTATAATTACCCGGACA,ACAATTATAATTACCCGGACAAA
GACATCCCACGTGCCTGCCAAAAAAGTCTCCGTCCAGTTCCTCCATCACCAAAAATAGACAGAGGTTGGGTTTGCATTTTCCAATTGCAGGACGGGAAGACACTTGGGCTCAAGATATAGGGTCCCCCAGTCAAAGACACGTGCGGTCCCATCCTCCCTCACCTTCAGACATC,CCTCCCTCACCTTCAGACATCAACGCATGGCAGTCCCAAACAC
GTCTCATAATTATAACGAAAGACCCTCTATCAGAAAGTCTGAGGGGACAACAGAGATTGTAAGGCTTACTCGGCAGCTGAGGGCAATACCAGACACCACAATATATTGCCGCTTCACGGGAATAGTTTCTTCAATGCACTATAAGCTCGATGAAGTCCTTTGGGAATTTGATAATTTTAAGTCTGCTATAACACTTGCCGAAGGTGAAGGTTCGGGTGCATTACTCTTATTACAAAAATATAAAGTAGAAACCTTGTTTTTTAATACACTAGCCACAGAACACAGCATTG,TAGCCACAGAACACAGCATTGAAG
CAGAGGATAAGATTGGGCAGCCAGCCATCAAACCAAAATGCCCTTCAGCAGCCTTACGTGAAGCAATTGAGTTGACATCAAG,AGCAATTGAGTTGACATCAAGCTTGACTTGGGTTACTCAAGGT
GAACTTCTCTTTTTCACTCAAGGAGAAGGAGTTAAACATTGGA,GAGAAGGAGTTAAACATTGGACGAGCTTTTGGGAAATTGCCATATCCAACACGCAATGTTCAAACTCTGTGCGAAGCTTTGTTAGCAGATGGTTTGGCGAAAGCATTCCCAAGCAATATGATGGTTGTGACAGAGCGCGAGCAAAAAGAAAGCCTTTTGCATCAAGC
GGACAAGCAAAGAACATCAAGCCAGGAGCAACACAGACCCCAAGTCTAAGCTGATCAACCCCTCCCGCAATCCCACCAACGCCAGCAAAAATCCCCCAACTCGATACCAACCCCAAGCAAATCAGCTCAAA,CCCCAAGCAAATCAGCTCAAATCGTCTATCTCTCCCCGCTTCA
TGAACTATCAGGATGGATCTCCGAACAATTAATGACAGGCAAAATTCCGGTACATGAAATCTTCAACGACACTGAGCCCCACATAAG,CGACACTGAGCCCCACATAAGGTCAGGGTCCGACTGCCTTCCC
TGAACTATCAGGATGGATCTCCGAACAATTAATGACAGGCAAAATTCCGGTACATGAAATCTTCAACGACACTGAGCCCCACATAAG,CGACACTGAGCCCCACATAAGCTCAGGGTCCGACTGCCTTCCC
AGATTAAGAAAACGTGTCTGTGGGGTCTTTCCGT,GTGTCTGTGGGGTCTTTCCGTGTAGAAGGGCACACAGCCATAATTCTTCCTCTTTATACAACATGGCTACACAACATACGCAATATCCAGACGCAAGGTTATCATCACCTATAGTTTTAGATCAGTGTGATCTTGTCACTCGTGCTTGTGGATTGTATTCCGCATACTCCTTAAATCCCCAACTAAAGAACTGTAGACTACCGAAACATATATACCGACTAAAATATGACACCACTGTTACAGAGTTTTTGAGTGATGTGCCGGTAGCAACATTGCCAGCGGATTTTTTAGTACCTACATTTCTTAGGACTCTATCAGGAAATGGTTCTTGTCCAATTGATCCAAAATGCAGTCAATTTTTAGAAGAAATTGTCAATTATACTCTACAAGATATTCGCTTCCTAAACTATTACCTCAATCGAGCCGGAGTGCATAACGATCATGTGGATAGGGA
TAGAAAAGGTGCAGCGGCAAATTCAAGTTCATTC,GCGGCAAATTCAAGTTCATTCCGAGCAGGGATTGATCCAATAC
TAGACTTGATTGTATTTGATGATTAAGGACCTCACAAAATTCC,TTAAGGACCTCACAAAATTCCTGGGGATTGA
TCAAATGTTTCACTGGTATGATCTTGCAATTCTAGCACGTAGAGGGCGACTAAATAGAGGGAATAATCGCTCAACAT,GAGGGAATAATCGCTCAACATTGTTTGCAAGTGATAATTTGGT
AGCAACAATTCATCAACGGATCCAATCAGT,TCATCAACGGATCCAATCAGTGGTGGGGAAACACGATCATTCA
GCCGTGCACCCCGACGAACTCCGTGGACCTGGCTTCCTGACGA,GTGGACCTGGCTTCCTGACGAACACAATACGGGGGGTTACAAATCTCCTGACAGGATCCAGAAGAAAGCGAAGGGATGTCACTCCCAATACACAACCCAAATGCAAC
CATTTATGGCAAATAGGATGAGTAATTCTGCTACTAGGTTAGTTGTTTCGACAAACACTCTTGGAGAATTTTCAGGAGGAGGTCAGTCAGCAAGAGATAGTAATATTATCTTCCAGAATGTCATTAATTTTG,TCCAGAATGTCATTAATTTTGATGTTGCACTTTTTGATCTACG
ACACCCCAGAATCAGCAAACGATCAACGCACT,TCAGCAAACGATCAACGCACTTCTTATGCCACAGCTTATATTAAGAAAAAGAACTTGATGAAGATTAAGGCA
AACAGTATCAGCAACTACGAGAAGCAGCCACTGAGGCAGAAAAACAATTGCAGAAATACGCTGAATCTCGCGAGCTTGACCATCTAGGTCTCGATGATCAAGAGAAGAAGATCTTGAAAGACTTCCATCAGAAGAAAAATGAAATCAGCTTCCAGCAGACAACAGCCATGGTCACACTACGGAAGGAAAGGCTAGCCAAGCTCACTGAGGCAATCACCTCCACATCCCTTCTCAAGACAGGAAAACAGTATGATGATGACAACGATATCCCCTTTCCTGGGCCCATCAATGATAACGAAAACTCAGAACAGCAAGACGATGATCCAACAGATTCTCAGGACACTACCATCCCTGATATCATTGTTGACCCGGATGATGGCAGATACAACAATTATGGAGACTATCCTAGTGAGACGGCGAATGCCCCTGAAGACCTTGTTCTTTTTGACCTTGAAGATGGTGACGAGGATGATCACCGACCGTCAAGTTCATCAGAGAACAACAACAAACACAGTCTTACAGGAACTGACAGTA,GTCTTACAGGAACTGACAGTAACAAAACAAGTAACTGGAATCG
ATTCTCCAAATGACACCTTCTCATTACTCCGGCAACATTGTGCATCGATATAATGATCAATATAGTCCACAC,AATGATCAATATAGTCCACACCCATTTATGGCAAATAGGATGA
CAAGTGATGCAATTAAATGATACTAGTATATA,ATTAAATGATACTAGTATATACAATGCCACCA
AATACACAACCCAAATGCAACCCAAACCTGCACTATTGGACAG,CAAACCTGCACTATTGGACAGCCTTGGATGAGGGTGCTGCCATAGGTTTAGCCTGGATACCATACTTCGGGCCAGCAGCTGAGGGAATTTACACTGAAGGCATAATGGAGAATCAAAATGGATTGATCTGTGGATTGAGGCAGCTGGCCAACGAAACGACACAAGCTCTTCAATTGTTCTTAAGGGCAACTACTGAGTTGCGTACATTCTCTATACTAAATCGGAAAGCAATAGACTTCTTGCTCCAAAGATGGGGAGGAACATGTCACATTCTAGGGCCTG
AACCAAACCAAGTGAGTGGTAGTGA,AAACCAAGTGAGTGGTAGTGAGAATACCGACAATAAACCTCAC
TTGTTGCATTGAACCCCAAGATTGGACCAAAAATATCACTGATAAAATTGATCAAATAATCCATGACTTTGTCGATAATAATCTTCCAAATCAGAATGATGGCAGCAACTGGTGGACTGGATGGAAACAATGGGTTCCTGCTGGAATAGGAATCACAGGAGTAATCATTGCTATTATTGC,AGTAATCATTGCTATTATTGCGTTGCTGTGCATTTGCAAATTC
TTGGTTCCCTCCAGACCAGCCTTGCTCCACCTCCATCTGCTGA,TGCTCCACCTCCATCTGCTGACGAGGCTACATATGATAGGAAAAACAAAGTTTTGAAAGCTTCCAGACCTGGCAAGTATTC
GAAACCAGTGTACACGTGGCCCTGAACTATCAGGATGGATCTC,TGAACTATCAGGATGGATCTCCGAACAATTAATGACAGGCAAAATTCCGGTACATGAAATCTTCAACGACACTGAGCCCCACATAAG
TTGCACTTTTTGATCTACGATTTAGGAACGTGGCTACTTCTTCTATACAACATCATCGGGCTCATCTTCATTTGTCAAAGTGTTGCACGCGAGAGGTTCCAGCCCAATATTTAGTTTATACATCAACATTGCCATTGGACCTTACACGGTATCGGGATAATGAGTTGATTTACGATGACAATCCATTAAGAGGTGGTTTAAATTGCAATCTTTCTTTTGATAATCCGCTTTTCAAGGGCCAGAGACTTAACATAATTGAAGAAGACTTGATTAGACTACCTTACTTATCAGGATGGGAGCTAGCTAAAACTGTTATCCAATCTATAATTTCTGACAGCAACAATTCATCAACGGAT,AGCAACAATTCATCAACGGATCCAATCAGT
CCCACCCAACCAAACCAGTTGACGCGATGTATCTCCCAATATC,CGCGATGTATCTCCCAATATCACAGGCACAGATGGGTGCCCTTCTGCCAATGAGGGTTC
TTTTTTTCGGTAAGGACTCTTGACGTACAAACTCCACATAGTTATACAATGGTACCAGGACACTATATGTAAATTGACCCTAAGAAAGAGTAATTCGACACACAGAGTTCTCAAGTGAAACCCCTCATCTCAGATTATCTGTGGTTGCAATTCTAATATCCGATTGTTACCCCGTGAGTATAACTCCAGATTAATATAAGAAAATACCTTTTGTCCTGCAAATTTATCTTAAATTCAAGTACATACGCTCCAAATCGTATAAAATATTAAGAAAAAGTTAATC,AATATTAAGAAAAAGTTAATCTGCTTGCTTTAATTATAACTTT
TCCCCAGCATTCAAAATGCGTTATTAAGAAAAAACATATGATGAAGATTAAAACCTTCATCAACATTGCACAGACTTTGATCCTTAGGAGTTTATTCTAGCTATCTACAAAACGGGTCCAAAACGGAATGATTTCCACTAGGGCTGCAGCAATCAATGATCCTTCATTACCAATCAGAAACCAGTGTACACGTGGCC,GAAACCAGTGTACACGTGGCCTTGAACTATCAGGATGGATCTC
AATTCAATAGTTCTCTCGCTATTTAACTCAACTCATCAAAATGCTAACTTGTGATCCTTAAGCTGCACCTTAGACTTTTGATAAGAATACTAACTATTGATGATTGTCTTTGACATGAGGATAAGAACACTGCCCATTAGATAGATGGGGTTCAC,CATTAGATAGATGGGGTTCACCATTA
ATACTGAGACACCTATCCTAGATCGATTGAG,ACCTATCCTAGATCGATTGAGT
TGAAGCTGGTGTTGATTTTCATGAGAGTGCAGACAGTTTCTTG,GAGAGTGCAGACAGTTTCTTGCTGATGCTATGTTTACATCATGCTTATCAGGGTGACTACAAGCAATTCTTGGAAAGCAATGCAGTCAA
TGCCAGAGCACCTCACCGCAAG,GCCAGAGCACCTCACCGCAAGTCTATACAACAATCAACCCCGGCATCTACAACCTGCAAAAACCAGCCCATCTGATACTCCTGGCATCGGGGGCAAGACAAGGCAGCCAAGCAGCAGCCCCCGAGCCGAGCCCAAACCCATTACACCCGAGCCCAACACCCATCCAGCAACCCACAACCGTCAAACGCACAGA
CCTTAAGGCAACTCCTCAACAACTCTGTGAGTTGTTTTCAGTG,CTCTGTGAGTTGTTTTCAGTGCAAAAGCATTGGGGGCACCCTGTCTTGCATAGCGAAAAGGCTATCCAAAAAGTAAAGAA
CAGTTTTTGAACCCAATGTTCTTGGTTATAACC,CCAATGTTCTTGGTTATAACCCACCGAATAA
GAACTTCTCTTTTTCACTCAATGAGAAGGAGTTAAACATTGGA,GAGAAGGAGTTAAACATTGGACGAGCTTTTGGGAAATTGCCATATCCAACACGCAATGTTCAAACTCTGTGCGAAGCTTTGTTAGCAGATGGTTTGGCGAAAGCATTCCCAAGCAATATGATGGTTGTGACAGAGCGCGAGCAAAAAGAAAGCCTTTTGCATCAAGC
TGACCTTTGCACTCTCTCAGTCGCCCAGACGGTCCAGGGATGG,GCCCAGACGGTCCAGGGATGGAAGGTTACCTGGGCTGGGATTGAATTTGATGTTACACAGAAAGGGATGGCCTTATTGCACAGGCTCAAGACCAGTGATTTTGCTCCAGCCTGGTCAATGACCAGGAACTTATTTCCACAT
CGGAGTGCGTCTTCATCCTTTGGCAAGAACTGCTAAGGTCAAGAACGAAGTAAATTCCTTTAAGGCTGCCCTTAGCTCGCTAGCACAACATGGAGAGTATGCTCCTTTTGCTCGCTTGCTGAATCTTTCTGGAGTCAACAATCTCGAGCACGGACTGTTTCCTCAGCTTTCTGCAATTGCCCTAGGTGTCGCAACGGCACACGGCAGTACCCTGGCAGGAGTAAATGTGGGG,CTGGCAGGAGTAAATGTGGGGAAACAGTATCAGCAACTACGAG
TCTGAGCAGGGATTGATCCAAGACCCCACAGCCTGGCAGTCAG,ACCCCACAGCCTGGCAGTCAGTTGGACACATGATGGTCATTTTCAGACTGATGAGAACAAATTTTCTAATTAAGTTCCTCCTTATACATCAAGGGATGCATATGGTAGCAGGACACGATGCTAACGATGCTGTCATCGCAAACTCTGTAGCTCAAGCACGTTTTTCAGGATTAT
TTTCGTACCTGTACCAGAAACCCAGAACCAGGTCCTTGACACGACAGCGACGGTCTCTCCTCCCATCTCCGCCCACAACC,CTCCCATCTCCGCCCACAACCACGCAGCCGAAG
ACCATCCAGCCCCACGGTCCCTAACACCACAGAAAGCCACGCC,AACACCACAGAAAGCCACGCCGAACTTGGCAAGACAACCCCAACCACACTCCCAGAACAGCACACTGCCGCCAGTGCCATTCCAAGAGCCGTGCACCCCGACGAACTC
GCAGGAGCGCTAGGCTTAATTGCTGATTGGCTTCTTACTACTG,CTGATTGGCTTCTTACTACTGGAACAAACCACTTTCAAATGCGCACA
CCCAGACCAAACTCCGCCCCAGACAAGCACCCCACCCATCCCAGAAACCGCACGGCCGAGAATCG,AAACCGCACGGCCGAGAATCGATCCCCAGCATTCAAAATGCGT
GCACTCAAAGTTGTGGTTCTTAAAGTTTTCTTAAGTGACATTGATGGAATCCTATGGCTGAATGATAACCTTACCCCTTTGTTTGGGCTGGGTTACTTGATCAAGCCGATCACCTCTAGCCCAAAATCTAGTGAGTGGTACCTATGTCTCTCAAACCTTCTTTCAACTTCAAGACGATTACCTCATCAGAGTC,GACGATTACCTCATCAGAGTCATACTACTTGCATGCATGTTAT
AATGCAGATGTCTAAAGGATAAACACTCCATGCATCAGTGTTATAATTGGGCTCTGTAGAAAATCTTCATCTCCTCCAACCTACCTCAAAGAAGGATTTTACCGCGATTGGGAGTTATAACGACAATAGGGACAACCACCTT,GACAATAGGGACAACCACCTTTGACACTAGCCAAGCTTGTCGT
TTACTTATTGTGTTGTCACGCAGTCGTTGTACTACCTCGAAAA,GTCGTTGTACTACCTCGAAAATTCCAAACAATAAATCGTGTCTATCCCGCATTTAGTGTCTTTAATTTAAGATCTCAAATCCAAAAAACTGGGTTTATGTTGATGTAAATCAATAATACCGAAATTGCTTGATATTAAAATAAAGCTTAAAGGATTTTTCCTTAAACGGTGATGTTAGGTATATAGGAAAGCTCGATCACGATGTCCCTTACTCAGAAAAAGAAAAACGGAAGCCCTATTGGCCATTTAATCGTACACAAAAATATCTTTACCAAATTGTTTTCTCTTTTTTGTGT
CCGCAAGAAAAATCCCAGAAGCAACCA,GAAAAATCCCAGAAGCAACCAAACCAAGTGAGTGGTA
CAAGTGATGCAATTAAATGATCCTAGTATATACAATGCCACCA,CTAGTATATACAATGCCACCAACTTAATTCTA
AATAGATAGATTGACCGGCCTTCTTAGTCTATGTCCAAATGGT,CTTAGTCTATGTCCAAATGGTTTTTTTCGGTAAGGACTCTT
GTGCACAGATTTCATTAGTTGAAATCAAAACCGGTTTTAAACTGCGATCTGCGGTAATGGGTGACAATCAATGTATAACTGTACTCTCTGTATTTCCCCTCGAAACTGAGTCTAGTGAGCAAGAATTAAGTTCTGAAGATAATGCCGCTAGAGT,TGAAGATAATGCCGCTAGAGTTGCTGCTAGCTTAGCAAAAGTC
ACTCATTTTGGCAAAACCTCAAATCCCCTTGTGAGAATCAACCGACTTGGTCCTGGCATACCTGATCACCCACTACGACTCCTAAGAATAGGAAATCAAGCCTTCCTACAAGAGTTTGTGCTACCTCCTGTACAACTGCCACAATACTTCACTTTTGATCTGACAGCGCTGAAGCTGATCACCCAGCCACTCCCAGCGGCAACCTGGACAG,TCCCAGCGGCAACCTGGACAGGTGAAACTCCAGCTGTGTCAAC
TTCAATACCTGAACTAATGCATTTATAGAAACAGGAGAACCAG,TTATAGAAACAGGAGAACCAGCCAGACAGCAGACAAATAACAATGAACCACAATATGTTACTGCTATAATGAAGTTCGTTAATTCAAAAACAAATGATGAAGAT
AACTAGCCAATTGAAGTCAGTCGGGTTGAACTTGGAGGGCAAT,GGGTTGAACTTGGAGGGCAATGGAGTAGCAAC
TACTACTTGCATGCATGTTATTCAAACAGCACTCCAGCTACAAATTCAGAGGAGCTCATATTGGCTTAGCCACCTTGTCCAGTATGCCAATCATAATTTGCATTTAGA,CAATCATAATTTGCATTTAGATTATATTAATCTCGGTTTCCCTTCATTGGAG
ATTCTCCAAATGACACCTTCTCATTACTCCGGCAACATTGTGCATCGATATAATGATCAATATAGTCCACAC,AATGATCAATATAGTCCACACTCATTTATGGCAAATAGGATGA
TTGCTGTGCATTTGCAAATTCATGCTTTGAACTAATATAGCATCATACTTTCTAATATTCCCCCAATATGAATTTTTGTTTTCGATTTTATTTAATGATATATCCTCTGTATACCTCACTAATGTACTCGAGCATAATTTCCCTGATAGACTTGATTGTATTTGATG,TAGACTTGATTGTATTTGATGCTTAAGGACCTCACAAAATTCC
AACCCAACATCAGAGCCCTCCAGTAGAGGCACGGGACCATCCA,GTAGAGGCACGGGACCATCCAGCCCCACGGTCCC
TCAGCCATGAACACCAGAAAACCAGGACCAGTCAAATTCTCCC,CAGGACCAGTCAAATTCTCCCTCCTCCATGAATCAACCTTGAAGACACTTGCTAAAAAACCTGCGACCCAGATGCAAGCACTAATCTTA
TCACTCAGGTTTCATTTATTTTGGCAAAAAACAATATTTGAATGGAGTACAATTACCTCAATCACTGAAAACTGCTACTAGAATTGCACCCTTGTCAGATGCTATCTTTGATGATCTTCAAGGGACACTAGCTAGCATAGGCACGGCTTTTGAAAGATCTATCTCCGAAACTAGGCACGTAGTCCCTTGTAGAGTAGCAGCTGCATTCCATACCTTTTTTTCCGTAAGAATCTTACAATATCATCATCTTGGCTTCAACAAGGGAACAGACCTGGGTCA,CAAGGGAACAGACCTGGGTCACTTGTCATTAAGCAAGCCATTA
ACGCATGGCAGTCCCAAACACCGGTGAGGGAGGCGCCCGGCGACAACACATGATGATAGGCTGATCTTCGGGATAAGAGACATGAAAAACCAAAAAGCCGTTTACATCCAGATCCAAGATCAAGAGTGGCTTGGAAATAAG,CAAGAGTGGCTTGGAAATAAGTGGCACTTGTTCTTTGTCTCAA
TAGAAAAGGTGCAGCGGCAAATTCAAGTTCATTC,GCGGCAAATTCAAGTTCATTCTGAGCAGGGATTGATCCAA
ATGGAGGCTGTTTACCCAATGAGAACAATGAATTCTGGTGCAG,GAACAATGAATTCTGGTGCAGACAACACTGCCAGTGGCCCTAATTACACAACAACTGGTGTGATGACAAATGATACTCCCTCTAATTCACTCCGACCAGTTGCAGATGATAATATTGATCATCCGAGCCACACGCCTAACAGTGTTGCCTCTGCATTTATATTGGAAGCTATGGTGAA
AATGCAGATGTCTAAAGGATAAACACTCCATGCATCAGTGTTATAATTGGGCTCTGTAGAAAATCTTCATCTCCTCCAACCTACCTCAAAGAAGGATTTTACCGCGATTGGGAGTTATAACGACAATAGGGACAACCACCTT,GACAATAGGGACAACCACCTTCGACACTAGCCAAGCTTGTCGT
TCCAGAATGTCATTAATTTTGCT,CAGAATGTCATTAATTTTGCTGTTGCACTTTTTGATCTACG
GCCGTGCACCCCGACGAACTCAGTGGACCTGGCTTCCTGACGA,GTGGACCTGGCTTCCTGACGAACACAATACGGGGGGTTACAAATCTCCTGACAGGATCCAGAAGAAAGCGAAGGGATGTCACTCCCAATACACAACCCAAATGCAAC
CGGGTGTACCAACAACCACACCCTCTCCATTTCCAATCAATGCTCGCAACACTGATCATACCAAATCA,AACACTGATCATACCAAATCATTTATCGGCCTGGAGGGGCCCC
CTGGCAGGAGTAAATGTGGGGGAACAGTATCAGCAACTACGAG,AACAGTATCAGCAACTACGAGAAGCAGCCACTGAGGCAGAAAAACAATTGCAGAAATACGCTGAATCTCGCGAGCTTGACCATCTAGGTCTCGATGATCAAGAGAAGAAGATCTTGAAAGACTTCCATCAGAAGAAAAATGAAATCAGCTTCCAGCAGACAACAGCCATGGTCACACTACGGAAGGAAAGGCTAGCCAAGCTCACTGAGGCAATCACCTCCACATCCCTTCTCAAGACAGGAAAACAGTATGATGATGACAACGATATCCCCTTTCCTGGGCCCATCAATGATAACGAAAACTCAGAACAGCAAGACGATGATCCAACAGATTCTCAGGACACTACCATCCCTGATATCATTGTTGACCCGGATGATGGCAGATACAACAATTATGGAGACTATCCTAGTGAGACGGCGAATGCCCCTGAAGACCTTGTTCTTTTTGACCTTGAAGATGGTGACGAGGATGATCACCGACCGTCAAGTTCATCAGAGAACAACAACAAACACAGTCTTACAGGAACTGACAGTA
TCAAAAACAAATGATGAAGATGAATGCAGATGTCTAAAGGATA,AATGCAGATGTCTAAAGGATAAACACTCCATGCATCAGTGTTATAATTGGGCTCTGTAGAAAATCTTCATCTCCTCCAACCTACCTCAAAGAAGGATTTTACCGCGATTGGGAGTTATAACGACAATAGGGACAACCACCTT
AATGATCAATATAGTCCACACCCATTTATGGCAAATAGGATGA,CATTTATGGCAAATAGGATGAGTAATTCTGCTACTAGGTTAGTTGTTTCGACAAACACTCTTGGAGAATTTTCAGGAGGAGGTCAGTCAGCAAGAGATAGTAATATTATCTTCCAGAATGTCATTAATTTTG
GAGACATTTGATAATTTAGTTCATATGTGTAAAAGCACAGCAA,ATATGTGTAAAAGCACAGCAAG
GCGACCCAGATGCAAGCATTAATCTTAGAATTCAATAGTT,TAATCTTAGAATTCAATAGTTCTCTCGCTA
AATACCGACAATAAACCTCACTCAGAGCAATCAGTGGAAGAAATGTATCGACACATCCTCCAAACACAAGGACCATTTGATGCCATCCTATACTATTACATGATGACGGAGGAGCCGATTGTCTTTAGCACTAGTGATGGGAAAGAATACGTATACCCTGATTCTCTTGAAGGGGAGCATCCACCGTGGCTCAGTGAAAAAGAGGCCTTGAATGAGGACAATAGGTTTATCACAATGGATGATC,GGTTTATCACAATGGATGATCGACAATTCTACTGGCCTGTAAT
CAGAATGTCATTAATTTTGCTGTTGCACTTTTTGATCTACG,TGTTGCACTTTTTGATCTACGAT
CTTAGTCTATGTCCAAATGGTTTTTTTCGGTAAGGACTCTT,TTTTTTTCGGTAAGGACTCTTAACG
AACTTCTTTCATGCTTCATTAGCATACTGGAGAAGTCGATCTAAAAATCAAGACAAAAGAGAGATGACAAAGATATTATCTTTGACGCAAACGGAAAAGAAAAATTCATTCGGCTATACAGCACATCCAGAAAGCACTGCTGTTCTTGGTTCCCTCCAGACCAGCC,TTGGTTCCCTCCAGACCAGCCTTGCTCCACCTCCATCTGCTGA
GACGAAGAAAACAACACTGAGACAACCATTACCACCACAAAAAATACCACTGCTCCACCAGCACCTGTTTATCGGAGTAATTCAGAAAAGGAGCCCCTCCCGCA,AGAAAAGGAGCCCCTCCCGCAAGAAAAATCCCAGAAG
AACCCAACATCAGAGCCCTCCCGTAGAGGCACGGGACCATCCA,GTAGAGGCACGGGACCATCCAGCCCCACGGTCCC
ATATTGGAGGAACTGCTGGTGATCGAGGACTTTCCGATGCGGC,TCGAGGACTTTCCGATGCGGCAAGATTGTTTCTTAGAACTGCCATTACTGTCTTCCTTCAATTCGTTAGAAAGTGGATAGTTGAACGCAAGACAGCTATTCCACTGTGGGTCATCTACCCTCTAGAAGGTCAAAGTCCTAGTCCGATCA
AACCACTTTCAAATGCGCACACAACAGGCTAAGGAGCAACTAA,AACAGGCTAAGGAGCAACTAAGTCTAAAAATGTTGTCCCTGGTGCGATCAAACATCCTAAAGTTCATCAACCAACTAGATGCACTACATGTTGTGAATTACAATGGACTTCTCAGTAGCATTGAAATTGGCACCAAAAGCCATACAATTATAATTACCCGGACA
TCCCAGCGGCAACCTGGACAGATGAAACTCCAGCTGTGTCAAC,TGAAACTCCAGCTGTGTCAACTGGCACGCTCCGCCCAGGGATCTCATTCCATCCCAAATTAAGGCCTATCCTGCTACCAGGAAGAGCTGGAAAGAAGGGCTCCAACTCCGATCTAACATCTCCTGACAAAATCCAGGCTATAATGAATTTCCTACAAGACCTCAAAATTGTACCAATCGATCCAACCAAGAATATCATGGGTATTGAAGTGCCAGAACTCCTGGTTCACAGGCTGACTGGGAAGAAGACAACTACCAAGAATGGTCAACCAATCATTCCAATTCTGCTACCAAAGTACATTGGTCTTGATCCTCTATCTCAAGGTGATCTCACAATGGTGATCACTCAGGACTGTGAT
GACGATTACCTCATCAGAGTCATACTACTTGCATGCATGTTAT,TACTACTTGCATGCATGTTATTCAAACAGCACTCCAGCTACAAATTCAGAGGAGCTCATATTGGCTTAGCCACCTTGTCCAGTATGCCAATCATAATTTGCATTTAGA
ACTCATTTTGGCAAAACCTCAAATCCCCTTGTGAGAATCAACCGACTTGGTCCTGGCATACCTGATCACCCACTACGACTCCTAAGAATAGGAAATCAAGCCTTCCTACAAGAGTTTGTGCTACCTCCTGTACAACTGCCACAATACTTCACTTTTGATCTGACAGCGCTGAAGCTGATCACCCAGCCACTCCCAGCGGCAACCTGGACAG,TCCCAGCGGCAACCTGGACAGATGAAACTCCAGCTGTGTCAAC
GTCCTACATTATGCTCAACGTCTGGAATATCTTCTCCCGGAGTACCGGAACTTCTCTTTTTCACTCAA,GAACTTCTCTTTTTCACTCAATGAGAAGGAGTTAAACATTGGA
TTGTCATTAAGCAAGCCATTAGATTTTGGAACTATAACTTTGGCCTTGGCAGTACCACAAGTCTTGGGTGGCTTATCATTCCTAAATCCAGAAAAATGTTTTTATAGAAATCTGGGTGATCCTGTTACTTCAGGGCTGTTTCAGCTCAAGACATATCTTCAAATGATCCACATG,TATCTTCAAATGATCCACATGGATGATTTGTTTTTACCTTTGA
GTGGGGAAACACGATCATTCACCACTCACTTCTTGACATATCCTAAGATTGGAC,TGACATATCCTAAGATTGGACCACTATATAGTTTTGGTGCACT
TGGTTATAACCCACCGAATAAATTTGCTACAAA,ACCGAATAAATTTGCTACAAAAAGGGTACCTGAGCAATTCCTTGAACAGGAGAATTTCTCAATAGAGAG
ACCAGGAACTTATTTCCACATCTCTTTCAAAACCCGAACTCTACAATTGAGTCGCCACTTTGGGCACTGCGGGTCATACTAGCAGCAGGTATTCAAGATCAGCTAATTGATCAATCGTTGATCGAACCCTTGGCAGGAGCGCTAGGCTTAATT,GCAGGAGCGCTAGGCTTAATTACTGATTGGCTTCTTACTACTG
TTTGCGACAATGAGGTTTTACATCAAATGTTTCACTGGTATGA,TCAAATGTTTCACTGGTATGATCTTGCAATTCTAGCACGTAGAGGGCGACTAAATAGAGGGAATAATCGCTCAACAT
TAAGATTGGACTACTATATAGTTTTGGTGCACT,ACTATATAGTTTTGGTGCACTCATCAGTTAT
TAGACTTGATTGTATTTGATGCTTAAGGACCTCACAAAATTCC,TTAAGGACCTCACAAAATTCCTGGGGATTGA
CAAAACAAGTAACTGGAATCGAAACCCGACTAATA,GGAATCGAAACCCGACTAATAGGCCAAAGAAAGACTCCACACA
GCAAACAGCGACTTACTAGTTCAACCCTTCATAGAAGCACGAG,AACCCTTCATAGAAGCACGAGTAAATTTAAGCGTACAGGAAATTCTCCAAATGACACCTTCT
GCAAAACATCAAGGGAAAGGACACAATGCCAACCACAGTG,GACACAATGCCAACCACAGTGACG
GTCAAAGTCCTAGTCCGATCAACAGTTTTCTACACCACGTCATCGCATTGTTGCAACATGAGTCCTCCCACGATCATGTTTGTGCTGCAGAAGCCCACAGTCGAGTGGAGACATTTGATAATTTAGTT,GAGACATTTGATAATTTAGTTCATATGTGTAAAAGCACAGCAA
AACACCACAGAAAGCCACGCCGAACTTGGCAAGACAACCCCAACCACACTCCCAGAACAGCACACTGCCGCCAGTGCCATTCCAAGAGCCGTGCACCCCGACGAACTC,GCCGTGCACCCCGACGAACTCCGTGGACCTGGCTTCCTGACGA
CTCGGTTTCCCTTCATTGGAGAGGGTTTTATACCATAGATACAATTTAGTCGATTCTCAGAAAGGCCCTTTGACTTCCATTGTCCAACATCTAGCGCA,CATTGTCCAACATCTAGCGCAGCTGCAGACCGAGATTAGGGAG
AATTATAATTACCCGGACAAATATGGGTTTTTTGGTAGAGTTG,ATGGGTTTTTTGGTAGAGTTGCAAGAGCCTGACAAATCAGCCATGAACACCAGAAAA
CAGAATACAACCAAAGCCCCACCCAACCAAACCAGTTG,CCCACCCAACCAAACCAGTTGACGCGATGTATCTCCCAATATC
CGAGCTCTAACTCCCATCAGCGAAGAAACCGGC,CCCATCAGCGAAGAAACCGGCTCCAATGGTCACAATGAAGATG
TACTTTGAAACACGCTAGTGTTATCTCGAGATTAATAA,GTGTTATCTCGAGATTAATAAGTATTGACTCTCACTTCTCAAT
GGGTTGAACTTGGAGGGCAATGGAGTAGCAAC,GGAGGGCAATGGAGTAGCAACTGATGTACCAACGGCAACCAAA
TCTTGGCATCACACAAGTGATGATTTTGGTGAGAATGCTACTGTTAGAGGCAGTAGTTTTGTAACAGACTTGGAAAAATACAATTTAGCATTCCGAT,AATACAATTTAGCATTCCGATATGAGTTTACAGCTCCTTTTATTGAATACTGTAATCGTT
AGAATGCTTCTCACTATTATGTCTAGGTTCCATG,CTATTATGTCTAGGTTCCATGGTGGACAAATAAAAGTCACTTTAAACAATTCTGCAAGCCAGATTACCGATATTACTAATCCAAGTTGGTTGGCAGACCAAAAATCTAGGATCCCTAAGCAAGTAGAGATTATAACCATGGATGCTGAAACAACAGAAAACATTAATCGGTCAAAATTGTACGAAGCAGTCCAACAGCTGATTGTCTCACATATTGATCCGAATGCACTCAAAGTTGTGGTTCTT
CCAATGTTCTTGGTTATAACCCACCGAATAA,TGGTTATAACCCACCGAATAAATTTGCTACAAA
GTGCACAGATTTCATTAGTTGAAATCAAAACCGGTTTTAAACTGCGATCTGCGGTAATGGGTGACAATCAATGTATAACTGTACTCTCTGTATTTCCCCTCGAAACTGAGTCTAGTGAGCAAGAATTAAGTTCTGAAGATAATGCCGCTAGAGT,TGAAGATAATGCCGCTAGAGTAGCTGCTAGCTTAGCAAAAGTC
TGAAGCTGGTGTTGATTTTCAAGAGAGTGCAGACAGTTTCTTG,GAGAGTGCAGACAGTTTCTTGCTGATGCTATGTTTACATCATGCTTATCAGGGTGACTACAAGCAATTCTTGGAAAGCAATGCAGTCAA
CCAGGATACACCAACACCCCAACGAGCTCTAACTCCCATCAGC,CGAGCTCTAACTCCCATCAGCGAAGAAACCGGC
AGTAATCATTGCTATTATTGCGTTGCTGTGCATTTGCAAATTC,TTGCTGTGCATTTGCAAATTCATGCTTTGAACTAATATAGCATCATACTTTCTAATATTCCCCCAATATGAATTTTTGTTTTCGATTTTATTTAATGATATATCCTCTGTATACCTCACTAATGTACTCGAGCATAATTTCCCTGATAGACTTGATTGTATTTGATG
CCGCAAGAAAAATCCCAGAAGGAACCAAACCAAGTGAGTGGTA,AACCAAACCAAGTGAGTGGTAGTGA
CACAAAATTCCTGGGGATTGAAAAGAACTGGATAACTCAATAA,AAGAACTGGATAACTCAATAAATTTTATGCTAGGACCACAAATACACTTGATGAAGATTAAGAAAAAGATAATCTTATGATTATCATTGATCTTCATCTATACCTTAAATACTCTATTCAAGGAGAGTATGACAAAACCAAGTAGTATTGGATAAACTTGTCCTGCATTCAAATCTGAAGACATACGGCTTATCTATTCACTATTGTATTAGAAAATCTAGGGAATATCATTTGAAACTAATTAGTGACTAAAACACACAACTCAAGTCGGCCAGAATGGAAGTTGTTCATGAAAGAGGTCGCTCCAGGATCTCCCGACAAAACACAAGGGATGGACCTAGTCATTTAGTACGGGCGAGATCATCCTCTCGAGCTAGTTATCGAAGTGAATACCATACACCAAGGAGTGCCTCGCAGATCCGTGTCCCCACTGTCTTTCATCGGAAAAAGACAGATTTATTGACAGTTCCACCAGCACCTAAAGATGTATGCCCGACTTTAAAGAAAGGGTTTCTATGTGACAGCAATTTCTGTAAAAAGGATCACCAACTTGAAAGCTTAACAGATAGAGAGTTACTCTTGCTGATTGCACGCAAGACATGTGGATCCACGGAACAACAACTAAGCATAGTTGCTCCAAAAGATTCACGTCTGGCTAATCCTATTGCTGAGGATTTCCAACAAAAAGATGGGCCTAAGGTAACACTGTCGATGCTTATAGAGACAGCAGAGTATTGGTCCAAACAGGACATTAAGAACATCGATGATTCAAGATTAAGAGCTTTATTGACCCTTTGTGCTGTTATGACGCGCAAATTTTCAAAATC
ATGGAGGCTGTTTACCCAATGCGAACAATGAATTCTGGTGCAG,GAACAATGAATTCTGGTGCAGACAACACTGCCAGTGGCCCTAATTACACAACAACTGGTGTGATGACAAATGATACTCCCTCTAATTCACTCCGACCAGTTGCAGATGATAATATTGATCATCCGAGCCACACGCCTAACAGTGTTGCCTCTGCATTTATATTGGAAGCTATGGTGAA
AAGCACGTTTTTCAGGATTATTGATCGTTAAAACAGTGCTAGATCACATCCTTCAGAAAACAGAGC,ACATCCTTCAGAAAACAGAGCCCGGAGTGCGTCTTCATCCTTT
GTCTTACAGGAACTGACAGTAGCAAAACAAGTAACTGGAATCG,CAAAACAAGTAACTGGAATCGAAACCCGACTAATA
CAAAACAAGTAACTGGAATCGAAACCCGACTAATA,GGAATCGAAACCCGACTAATATGCCAAAGAAAGACTCCACACA
CCACAGAACACAGCATTGAAGGAGAAATTATTTCTGGAATAAC,AGAAATTATTTCTGGAATAACTACACCAAGAATGCTTCTCCCTATTATGTCTAGGTTCCATG
TATTGCATTACAATTACCATGCGAGAGTTCATCTGTTGTTATT,GAGAGTTCATCTGTTGTTATTTCAGGTTTGAGAATGCTGATACCCCAGTCGGAAGCCACTGAGGTTGTAACCCCCTCCGAAACCTGCACATGGTCAGAAGGAGGAAGTTCCCATTGAAGCCCCAAATCACAAGGCGAGCTAAAAAATCCCTTTTGAACATGCATAACATCACATACAATTTCAAAGGCATTGGAATAAATGGTGATTTCAGGAAGATTAGTGTTTGCCCTCAAAATCAGATCCGAGCAATAATCATCTACTCTACAGCCAGTTAATTTCTAATATAA
TGTTGCACTTTTTGATCTACGAT,TTGCACTTTTTGATCTACGATTTAGGAACGTGGCTACTTCTTCTATACAACATCATCGGGCTCATCTTCATTTGTCAAAGTGTTGCACGCGAGAGGTTCCAGCCCAATATTTAGTTTATACATCAACATTGCCATTGGACCTTACACGGTATCGGGATAATGAGTTGATTTACGATGACAATCCATTAAGAGGTGGTTTAAATTGCAATCTTTCTTTTGATAATCCGCTTTTCAAGGGCCAGAGACTTAACATAATTGAAGAAGACTTGATTAGACTACCTTACTTATCAGGATGGGAGCTAGCTAAAACTGTTATCCAATCTATAATTTCTGACAGCAACAATTCATCAACGGAT
TTGCTCGGATCAGAAGGTTACAAAGTC,GGATCAGAAGGTTACAAAGTCATAAAATTCCTTGAGCCGTTATGCTTAGCAAAGATCCAACTCTGCTCAAATTACACTGAGAGGAAAGGAAGATTCCTCACTCAAATGCATTTAGCTGTAAATCATACACTTGAGGAACTTACAGGGTCCCGAGAATTAAGGCCACAACAGATTCGGAAGGTAAGGGAATTCCATCAAATGCTGATAAACCTTAAGGCAACTCCTCAACA
TATTGACTCTCACTTCTCAATTTATATTGGAGGAACTGCTGGTG,ATATTGGAGGAACTGCTGGTGATCGAGGACTTTCCGATGCGGC
GAAAAATCCCAGAAGCAACCAAACCAAGTGAGTGGTA,AACCAAACCAAGTGAGTGGTAGTGA
CCGGACTCGCAACACCCAGACACAGACCGATCCGGTTTGCAAT,CAGACCGATCCGGTTTGCAATCACAATTTTGAAGACGTTACACAAGCACTAACATCATTAACCAATGTCATACAAAAACAGGCTCTTAACTTAGAGTCTCTCGAACAACGCATCATAGATCTAGAGAATGGCTTAAAGCCAATGTATGACATGGCTAAAGTCATTTCTGCATTGAATAGATCTTGTGCTGAGATGGTAGCAAAATATGATCTCCTGGTGATGACAACTGGCCGCGCAACCGCCACCGCCGCTGCAACTGAGGCTTATTGGGAGGAACATGGACAACCACCACCTGGACCATCACTTTATGAAGAGAGTGCGATTAGAGGCAAGATTAACAAGCAAGAGGATAAAGTACCTAAGGAAGTTCAAGAAGCTTTTCGTAATCTGGACAGTACCAGCTCACTAACAGAAGAGAACTTTGGCAAGCCAGATATATCTGCAAAGGACCTACGAGACATCATGTATGACCACCTACCAGGCTTCGGTACGGCTTTTCACCAACTGGTCCAGGTAATTTGCAAGCTAGGAAAA
GCACTCAAAGTTGTGGTTCTTAAAGTTTTCTTAAGTGACATTGATGGAATCCTATGGCTGAATGATAACCTTACCCCTTTGTTTGGGCTGGGTTACTTGATCAAGCCGATCACCTCTAGCCCAAAATCTAGTGAGTGGTACCTATGTCTCTCAAACCTTCTTTCAACTTCAAGACGATTACCTCATCAGAGTC,GACGATTACCTCATCAGAGTCTTACTACTTGCATGCATGTTAT
TGGGTGAGTGGGCTTTCTGGGAAAATAAAAAAACTTCACAAAA,AAATAAAAAAACTTCACAAAAACCCTTTCAAGTGAAGAGTTGT
ATACTGAGACACCTATCCTAGGTCGATTGAGGAAAATTACGCT,TCGATTGAGGAAAATTACGCTGCAAAGGTGGAGCCTGTGGTTTAGTTATCTCGACCACTGTGATCAAGTTCTGGCTGATGCCCTAACTCAGATAACCTGCACTGTGGACTTAGCACAGATTCTTCGCGAGTACACCTGGGCACACATACTAGAGGGAAGGCAGCTCATTGGAGCAACACTTCCTTGTATACTAGAACAACTAAATGTCATCTGGCTCAAACCATATGAGCATTGCCCTAAATGTGCAAAGTCAGCAAACCCTAAAGGGGAACCTTTTGTTTCTATTGCAATTAAAAAACATGTAGTAAGTGCTTGGCCTGATCAATCA
GGATCAGAAGGTTACAAAGTCATAAAATTCCTTGAGCCGTTATGCTTAGCAAAGATCCAACTCTGCTCAAATTACACTGAGAGGAAAGGAAGATTCCTCACTCAAATGCATTTAGCTGTAAATCATACACTTGAGGAACTTACAGGGTCCCGAGAATTAAGGCCACAACAGATTCGGAAGGTAAGGGAATTCCATCAAATGCTGATAAACCTTAAGGCAACTCCTCAACA,CCTTAAGGCAACTCCTCAACACCTCTGTGAGTTGTTTTCAGTG
TTTGGTGCACTCATCAGTTATTATCTAGGCAACACCATTATTAGAACCAAAAAATTGACTCTTAACAACTTCATATATTACCTAGCTACTCAAATACATAATTTACCTCATCGCTCGT,ATAATTTACCTCATCGCTCGTGGAGAATCCTTAAACCTACTTT
AGAAAGCCTTTTGCATCAAGCGTCTTGGCATCACACAAGTGAT,TCTTGGCATCACACAAGTGATGATTTTGGTGAGAATGCTACTGTTAGAGGCAGTAGTTTTGTAACAGACTTGGAAAAATACAATTTAGCATTCCGAT
CCTCCCTCACCTTCAGACATCAACGCATGGCAGTCCCAAACAC,ACGCATGGCAGTCCCAAACACCGGTGAGGGAGGCGCCCGGCGACAACACATGATGATAGGCTGATCTTCGGGATAAGAGACATGAAAAACCAAAAAGCCGTTTACATCCAGATCCAAGATCAAGAGTGGCTTGGAAATAAG
CGTCTATCTCTCCCCGCTTCACTCCACACCCCAGATTCAGCAAACGATCAACGCACT,TCAGCAAACGATCAACGCACTTCTTATGCCACAGCTTATATTAAGAAAAAGAACTTGATGAAGATTAAGGCA
GACACTAGCCAAGCTTGTCGTGGGCACACAGCATTTTATCTTGCAACGTCGACATTCCCATCAATCTGAGGAGTAACAGCTATCAAAACAACGCATATGTAGACATTGTCGGTAATAGTACTGCCTAAGACAACTATTTATAATAACAGTTGGAATTCATTTTTTCACCCAAGCTATTCTCAAGTTAACAGTTGAAACAGGACTCGACCCAGGACAACTCCGGATACGTAACATAAGAAAAGAACAACCCTTGACCCAGAGTGAACAAGCTCATACTATCAAGGCTAATCCTCGGGCCTGCCTGGAGTCCACAATGGCCAAGGCTACTGGGAGGTACAACCTT,GCTACTGGGAGGTACAACCTTTTCTCCCCAAAGAAAGATCTTG
TTCCAGACCTGGCAAGTATTCACAGAATACAACCAAAGCCCCA,CAGAATACAACCAAAGCCCCACCCAACCAAACCAGTTG
TCTCCCCAAAGAAAGATCTTGAAAAAGGGCTGGTTCTGAATGACCTTTGCACTCTCTCAGT,TGACCTTTGCACTCTCTCAGTGGCCCAGACGGTCCAGGGATGG
AGTTCCAAGCCAGCCTTGCTGTAGGTGATTCTCCCCAATGTGC,AGGTGATTCTCCCCAATGTGCCCTGATCCAAATAACAAAACGGATCCCCATCTTCCAGGATGCCACTCCGCCCACAATTCACATCCGCTCTCGTGG
TATGTGTAAAAGCACAGCAAGCAACTTCTTTCATGCTTCATTA,AACTTCTTTCATGCTTCATTAGCATACTGGAGAAGTCGATCTAAAAATCAAGACAAAAGAGAGATGACAAAGATATTATCTTTGACGCAAACGGAAAAGAAAAATTCATTCGGCTATACAGCACATCCAGAAAGCACTGCTGTTCTTGGTTCCCTCCAGACCAGCC
CTTCCTACGTCAGATAGTGCGACGAACAATTACTCTAAGTGCT,CGAACAATTACTCTAAGTGCTAAAAATAAATTAATAAACACTTTGTTCCATTCTTCTGCTGATTTAGAAGATGAAATGGTTTGCAAATGGTTGCTTTCTTCTACACCAGTCATGAGTAGGTTTGCCGCCGATATATTTTCTCGCACTCCCAGTGGGAAACGTTTACAGATCTTAGGTTACCTTGAAGGGACTAGAACATTGTTAGCCTCTAAAATTATAAATCATAATACTGAGACACCTATCCTAG
GTGTCTGTGGGGTCTTTCCGTGTAGAAGGGCACACAGCCATAATTCTTCCTCTTTATACAACATGGCTACACAACATACGCAATATCCAGACGCAAGGTTATCATCACCTATAGTTTTAGATCAGTGTGATCTTGTCACTCGTGCTTGTGGATTGTATTCCGCATACTCCTTAAATCCCCAACTAAAGAACTGTAGACTACCGAAACATATATACCGACTAAAATATGACACCACTGTTACAGAGTTTTTGAGTGATGTGCCGGTAGCAACATTGCCAGCGGATTTTTTAGTACCTACATTTCTTAGGACTCTATCAGGAAATGGTTCTTGTCCAATTGATCCAAAATGCAGTCAATTTTTAGAAGAAATTGTCAATTATACTCTACAAGATATTCGCTTCCTAAACTATTACCTCAATCGAGCCGGAGTGCATAACGATCATGTGGATAGGGA,TAACGATCATGTGGATAGGGACTTTGGACAAAAAATTCGCAAT
ATGGGTTTTTTGGTAGAGTTGCAAGAGCCTGACAAATCAGCCATGAACACCAGAAAA,TCAGCCATGAACACCAGAAAAGCAGGACCAGTCAAATTCTCCC
GCCAGAGCACCTCACCGCAAGTCTATACAACAATCAACCCCGGCATCTACAACCTGCAAAAACCAGCCCATCTGATACTCCTGGCATCGGGGGCAAGACAAGGCAGCCAAGCAGCAGCCCCCGAGCCGAGCCCAAACCCATTACACCCGAGCCCAACACCCATCCAGCAACCCACAACCGTCAAACGCACAGA,CACAACCGTCAAACGCACAGATGGACAAGCAAAGAACATCAAG
ATTAATACACAATTACCCAATCATGTTAACAGCAGTTAGATCCCTCAAGTATATCAAGTTCATTCTACCCTTTGCATTGTCACTCTAATTAAATCACCTGATACAATTATGTTAATTAGCTAGATTCTCTCATTTTTAGACTTGTTTGCTAGAATAATTGATCATCCACTTGATTACACATCCAACTAGGGTCTAGTTCATAGATTGCTAATAATCTTTAGTTCAATACTAATGACAAAGAGATTAGATTAGCTATAGCTTGAGGAAGATTAAGAAAAAGTGTCTGTGGGGTCTTTCCGT,GTGTCTGTGGGGTCTTTCCGTGTAGAAGGGCACACAGCCATAATTCTTCCTCTTTATACAACATGGCTACACAACATACGCAATATCCAGACGCAAGGTTATCATCACCTATAGTTTTAGATCAGTGTGATCTTGTCACTCGTGCTTGTGGATTGTATTCCGCATACTCCTTAAATCCCCAACTAAAGAACTGTAGACTACCGAAACATATATACCGACTAAAATATGACACCACTGTTACAGAGTTTTTGAGTGATGTGCCGGTAGCAACATTGCCAGCGGATTTTTTAGTACCTACATTTCTTAGGACTCTATCAGGAAATGGTTCTTGTCCAATTGATCCAAAATGCAGTCAATTTTTAGAAGAAATTGTCAATTATACTCTACAAGATATTCGCTTCCTAAACTATTACCTCAATCGAGCCGGAGTGCATAACGATCATGTGGATAGGGA
ATGAAAACCACACTCAACAACGCCCTACCACAGGATACCTTGGAGACCATACACCAAGATCAGCAGCTGTGCAACCACCCCCATGCGAATCCACCACCACAACCACCAAACAATAATCCCAAGACCAAACCGCACACATC,CAAGACCAAACCGCACACATCGAGATCAACCCAAACCCTCAAA
GGGTTGAACTTGGAGGGCAATGGAGTAGCAAC,GGAGGGCAATGGAGTAGCAACAGATGTACCAACGGCAACCAAA
AAATAAAAAAACTTCACAAAAACCCTTTCAAGTGAAGAGTTGT,CCCTTTCAAGTGAAGAGTTGTTTTTCGTACCTGTACCAGAAAC
GTAATTTGCAAGCTAGGAAAAGACAATTCTGCATTGGACATTATTCATGCTGAGTTCCAAG,TTATTCATGCTGAGTTCCAAGCCAGCCTTGCTG
TATATTGGAAGCTATGGTGAAGGTAATATCTGGCCCGAAAGTG,GTAATATCTGGCCCGAAAGTGCTGATGAAGCAAATCCCAATCTGGCTTCCTCTGGGTGTCTCTGACCAGAAGACATATAGCTTTGATTCAACCACTGCTGCCATTATGCTAGCATCATATACCATCACTCATTTTGGCAAAACCTCA
ACGCATGGCAGTCCCAAACACCGGTGAGGGAGGCGCCCGGCGACAACACATGATGATAGGCTGATCTTCGGGATAAGAGACATGAAAAACCAAAAAGCCGTTTACATCCAGATCCAAGATCAAGAGTGGCTTGGAAATAAG,CAAGAGTGGCTTGGAAATAAGGGGCACTTGTTCTTTGTCTCAA
CCACAGAACACAGCATTGAAGCAGAAATTATTTCTGGAATAAC,AGAAATTATTTCTGGAATAACTACACCAAGAATGCTTCTCCCTATTATGTCTAGGTTCCATG
CTGCAGACCGAGATTAGGGAGTTGGTTAATGACTATAATCAACAAAGACAAAGTCGAACCCAAACATATCATTTCATTAAAACAATAAAAGGTCGTATTACAAAATTGGTAAATGATTACCTTAAGTTCTTTCTAATAATACAAGCCTTAAAGCACAATTGCACATGGCAAGAGGAACTAAGAGCTCTTCCAGATCTAATTAGTGTCTGCACTCGATTCTATCA,TGTCTGCACTCGATTCTATCACACTCGAAACTGTTCATGTGAA
CTCTGTGAGTTGTTTTCAGTGCAAAAGCATTGGGGGCACCCTGTCTTGCATAGCGAAAAGGCTATCCAAAAAGTAAAGAA,GGCTATCCAAAAAGTAAAGAAGCATGCAACAGTGATAAAAGCA
AATTCAATAGTTCTCTCGCTATTTAACTCAACTCATCAAAATGCTAACTTGTGATCCTTAAGCTGCACCTTAGACTTTTGATAAGAATACTAACTATTGATGATTGTCTTTGACATGAGGATAAGAACACTGCCCATTAGATAGATGGGGTTCAC,CATTAGATAGATGGGGTTCACTATTAATACACAATTACCCAAT
AGTGCTTGGCCTGATCAATCACGACTTAGTTGGACAATTGGAGATGGCATCCCTTATATCGGATCTCGA,ATCCCTTATATCGGATCTCGATCAGAGGATAAGATTGGGCAGC
AAACACCACCCCACTCCGCGATCCCAGACCAAACTCCGCCCCA,CCCAGACCAAACTCCGCCCCAGACAAGCACCCCACCCATCCCAGAAACCGCACGGCCGAGAATCG
AGCAATTGAGTTGACATCAAGATTGACTTGGGTTACTCAAGGT,TTGACTTGGGTTACTCAAGGTGGAGCAAACAGCGACTTACTAGTT
AGCAATTGAGTTGACATCAAGCTTGACTTGGGTTACTCAAGGT,TTGACTTGGGTTACTCAAGGTGGAGCAAACAGCGACTTACTAGTT
CCGGACTCGCAACACCCAGACTCAGACCGATCCGGTTTGCAAT,CAGACCGATCCGGTTTGCAATCACAATTTTGAAGACGTTACACAAGCACTAACATCATTAACCAATGTCATACAAAAACAGGCTCTTAACTTAGAGTCTCTCGAACAACGCATCATAGATCTAGAGAATGGCTTAAAGCCAATGTATGACATGGCTAAAGTCATTTCTGCATTGAATAGATCTTGTGCTGAGATGGTAGCAAAATATGATCTCCTGGTGATGACAACTGGCCGCGCAACCGCCACCGCCGCTGCAACTGAGGCTTATTGGGAGGAACATGGACAACCACCACCTGGACCATCACTTTATGAAGAGAGTGCGATTAGAGGCAAGATTAACAAGCAAGAGGATAAAGTACCTAAGGAAGTTCAAGAAGCTTTTCGTAATCTGGACAGTACCAGCTCACTAACAGAAGAGAACTTTGGCAAGCCAGATATATCTGCAAAGGACCTACGAGACATCATGTATGACCACCTACCAGGCTTCGGTACGGCTTTTCACCAACTGGTCCAGGTAATTTGCAAGCTAGGAAAA
TGGACAAGCATCTCAGGTGCACAGATTTCATTAGTTG,GTGCACAGATTTCATTAGTTGAAATCAAAACCGGTTTTAAACTGCGATCTGCGGTAATGGGTGACAATCAATGTATAACTGTACTCTCTGTATTTCCCCTCGAAACTGAGTCTAGTGAGCAAGAATTAAGTTCTGAAGATAATGCCGCTAGAGT
TTGACTTGGGTTACTCAAGGTGGAGCAAACAGCGACTTACTAGTT,GCAAACAGCGACTTACTAGTTCAACCCTTCATAGAAGCACGAG
CCCATCAGCGAAGAAACCGGCTCCAATGGTCACAATGAAGATG,CCAATGGTCACAATGAAGATGACATTGATAGCATCCCTCCTTTGGAATC
GCTTGCTTTAATTATAACTTTAATATTCGACAAATAGTTAACGGTCTCATCACTCAAAAATTTCATTAACAAAAGAAGTACTCTGAGTATATTCACATATCATATGTGATTAACATATAAGCAACGCATGATGCGCCTTCCTCTTACTTATTGTGTTGTCACGC,TTACTTATTGTGTTGTCACGCTGTCGTTGTACTACCTCGAAAA
AACAGCAATAACAATAATTTAGTCTCGCACAGAATTGTACTGCCGTTTTTTACAT,TTGTACTGCCGTTTTTTACATAGTCTCATAATTATAACGAAAG
ATGATTTGTTTTTACCTTTGATCGCAAAGAACCCAGGGAACTGTAGCGCAATTGACTTTGTGTTAAACCCTAGTGGGTTAAA,GTTAAACCCTAGTGGGTTAAATGTACCGGGGTCACAGGATTTG
GAACAATGAATTCTGGTGCAGACAACACTGCCAGTGGCCCTAATTACACAACAACTGGTGTGATGACAAATGATACTCCCTCTAATTCACTCCGACCAGTTGCAGATGATAATATTGATCATCCGAGCCACACGCCTAACAGTGTTGCCTCTGCATTTATATTGGAAGCTATGGTGAA,TATATTGGAAGCTATGGTGAATGTAATATCTGGCCCGAAAGTG
CGAGCTCTAACTCCCATCAGCGAAGAAACCGGC,CCCATCAGCGAAGAAACCGGCGCCAATGGTCACAATGAAGATG
GAGAGTGCAGACAGTTTCTTGCTGATGCTATGTTTACATCATGCTTATCAGGGTGACTACAAGCAATTCTTGGAAAGCAATGCAGTCAA,CTTGGAAAGCAATGCAGTCAAGTACCTTGAGGGTCATGGCTTT
ACAATGCCAACCACAGTGACGGGTGTACCAACAACCACAC,CGGGTGTACCAACAACCACACCCTCTCCATTTCCAATCAATGCTCGCAACACTGATCATACCAAATCA
TTGCACTTTTTGATCTACGATTTAGGAACGTGGCTACTTCTTCTATACAACATCATCGGGCTCATCTTCATTTGTCAAAGTGTTGCACGCGAGAGGTTCCAGCCCAATATTTAGTTTATACATCAACATTGCCATTGGACCTTACACGGTATCGGGATAATGAGTTGATTTACGATGACAATCCATTAAGAGGTGGTTTAAATTGCAATCTTTCTTTTGATAATCCGCTTTTCAAGGGCCAGAGACTTAACATAATTGAAGAAGACTTGATTAGACTACCTTACTTATCAGGATGGGAGCTAGCTAAAACTGTTATCCAATCTATAATTTCTGACAGCAACAATTCATCAACGGAT,AGCAACAATTCATCAACGGATTCAATCAGTAGTGGGGAAACAC
GATAGATGGGGTTCACCATTAATACACAATTACCCAAT,ATTAATACACAATTACCCAATCATGTTAACAGCAGTTAGATCCCTCAAGTATATCAAGTTCATTCTACCCTTTGCATTGTCACTCTAATTAAATCACCTGATACAATTATGTTAATTAGCTAGATTCTCTCATTTTTAGACTTGTTTGCTAGAATAATTGATCATCCACTTGATTACACATCCAACTAGGGTCTAGTTCATAGATTGCTAATAATCTTTAGTTCAATACTAATGACAAAGAGATTAGATTAGCTATAGCTTGAGGAAGATTAAGAAAAAGTGTCTGTGGGGTCTTTCCGT
TATGTGTAAAAGCACAGCAAGTAACTTCTTTCATGCTTCATTA,AACTTCTTTCATGCTTCATTAGCATACTGGAGAAGTCGATCTAAAAATCAAGACAAAAGAGAGATGACAAAGATATTATCTTTGACGCAAACGGAAAAGAAAAATTCATTCGGCTATACAGCACATCCAGAAAGCACTGCTGTTCTTGGTTCCCTCCAGACCAGCC
AAAACTTGATGAAGATTAAGGCA,AACTTGATGAAGATTAAGGCAACCAGTGGTGCTATCTTCATCTCTTTGATTTGAGTCTTAAGTGAATACACAGGTTCTAATACTGTTCTTCTGTCCAA
CAAACCTGCACTATTGGACAGCCTTGGATGAGGGTGCTGCCATAGGTTTAGCCTGGATACCATACTTCGGGCCAGCAGCTGAGGGAATTTACACTGAAGGCATAATGGAGAATCAAAATGGATTGATCTGTGGATTGAGGCAGCTGGCCAACGAAACGACACAAGCTCTTCAATTGTTCTTAAGGGCAACTACTGAGTTGCGTACATTCTCTATACTAAATCGGAAAGCAATAGACTTCTTGCTCCAAAGATGGGGAGGAACATGTCACATTCTAGGGCCTG,CATGTCACATTCTAGGGCCTGATTGTTGCATTGAACCCCAAGA
CCTTAAGGCAACTCCTCAACACCTCTGTGAGTTGTTTTCAGTG,CTCTGTGAGTTGTTTTCAGTGCAAAAGCATTGGGGGCACCCTGTCTTGCATAGCGAAAAGGCTATCCAAAAAGTAAAGAA
AAGCACGTTTTTCAGGATTATTGATCGTTAAAACAGTGCTAGATCACATCCTTCAGAAAACAGAGC,ACATCCTTCAGAAAACAGAGCACGGAGTGCGTCTTCATCCTTT
CACAACCGTCAAACGCACAGATGGACAAGCAAAGAACATCAAG,GGACAAGCAAAGAACATCAAGCCAGGAGCAACACAGACCCCAAGTCTAAGCTGATCAACCCCTCCCGCAATCCCACCAACGCCAGCAAAAATCCCCCAACTCGATACCAACCCCAAGCAAATCAGCTCAAA
AATTCACATCCGCTCTCGTGGGGACATCCCACGTGCCTGCCAA,GACATCCCACGTGCCTGCCAAAAAAGTCTCCGTCCAGTTCCTCCATCACCAAAAATAGACAGAGGTTGGGTTTGCATTTTCCAATTGCAGGACGGGAAGACACTTGGGCTCAAGATATAGGGTCCCCCAGTCAAAGACACGTGCGGTCCCATCCTCCCTCACCTTCAGACATC
TGGGTGAGTGGGCTTTCTGGGTAAATAAAAAAACTTCACAAAA,AAATAAAAAAACTTCACAAAAACCCTTTCAAGTGAAGAGTTGT
TACTTTGAAACACGCTAGTGTTATCTCGAGATTAATAA,GTGTTATCTCGAGATTAATAACTATTGACTCTCACTTCTCAAT
ATTAAATGATACTAGTATATACAATGCCACCA,CTAGTATATACAATGCCACCAACTTAATTCTA
CAGTTTTTGAACCCAATGTTCGTGGTTATAACCCACCGAATAA,TGGTTATAACCCACCGAATAAATTTGCTACAAA
TTCCAGACCTGGCAAGTATTCCCAGAATACAACCAAAGCCCCA,CAGAATACAACCAAAGCCCCACCCAACCAAACCAGTTG
GGAGGGCAATGGAGTAGCAACAGATGTACCAACGGCAACCAAA,GATGTACCAACGGCAACCAAAAGATGGGGTTTTCGAGCTGGTGTTCCACCAAAGGTGGTAAATTGCGAAGCTGGAGAATGGGCTGAGAACTGTTATAACCTGGCTATAAAGAAAGTTGATGGTAGTGAGTGCCTACCAGAAGCCCCTGAGGGAGTGAGGGATTTTCCCCGTTGCCGCTATGTACACAAAGTCTCAGGAACTGGACCATGCCCAGGAGGACTCGCCTTTCACAAAGAAGGAGCCTTCTTCCTGTATGACCGACTCGCATCAACAATCATTTATCGGGGTACAACCTTTGCCGAAGGAGTTATTGCATTTCTGATCTTGCCTAAGGCGCGAAAGGATTTTTTCCAGTCTCCTCCATTGCATGAGCCTGCCAACATGACCACGGATCCCTCCAGTTACTATCACACGACAACAATAAACTACGTGGTTGATAATTTTGGAACCAACACCACAGAGTTTCTGTTCCAAGTCGATCATTTGACGTATGTGCAGCTCGAGGCAAGATTCACACCACAATTCCTTGTCCTCCTAAATGAAACCATCTACTCTGATAACCGCAGAAGTAACACAACAGGA
TCGATTGAGGAAAATTACGCTGCAAAGGTGGAGCCTGTGGTTTAGTTATCTCGACCACTGTGATCAAGTTCTGGCTGATGCCCTAACTCAGATAACCTGCACTGTGGACTTAGCACAGATTCTTCGCGAGTACACCTGGGCACACATACTAGAGGGAAGGCAGCTCATTGGAGCAACACTTCCTTGTATACTAGAACAACTAAATGTCATCTGGCTCAAACCATATGAGCATTGCCCTAAATGTGCAAAGTCAGCAAACCCTAAAGGGGAACCTTTTGTTTCTATTGCAATTAAAAAACATGTAGTAAGTGCTTGGCCTGATCAATCA,AGTGCTTGGCCTGATCAATCAAGACTTAGTTGG
GCCAAAGAAAGACTCCACACAAAACAATGACAATCCTGCACAGCGGGCTCAAGAATACGCCAGGGATAACATCCAGGATACACCAACACCCCA,CCAGGATACACCAACACCCCAACGAGCTCTAACTCCCATCAGC
TCCCCAGCATTCAAAATGCGTTATTAAGAAAAAACATATGATGAAGATTAAAACCTTCATCAACATTGCACAGACTTTGATCCTTAGGAGTTTATTCTAGCTATCTACAAAACGGGTCCAAAACGGAATGATTTCCACTAGGGCTGCAGCAATCAATGATCCTTCATTACCAATCAGAAACCAGTGTACACGTGGCC,GAAACCAGTGTACACGTGGCCCTGAACTATCAGGATGGATCTC
TCGATTGAGGAAAATTACGCTGCAAAGGTGGAGCCTGTGGTTTAGTTATCTCGACCACTGTGATCAAGTTCTGGCTGATGCCCTAACTCAGATAACCTGCACTGTGGACTTAGCACAGATTCTTCGCGAGTACACCTGGGCACACATACTAGAGGGAAGGCAGCTCATTGGAGCAACACTTCCTTGTATACTAGAACAACTAAATGTCATCTGGCTCAAACCATATGAGCATTGCCCTAAATGTGCAAAGTCAGCAAACCCTAAAGGGGAACCTTTTGTTTCTATTGCAATTAAAAAACATGTAGTAAGTGCTTGGCCTGATCAATCA,AGTGCTTGGCCTGATCAATCACGACTTAGTTGGACAATTGGAGATGGCATCCCTTATATCGGATCTCGA
GAGACATTTGATAATTTAGTTTATATGTGTAAAAGCACAGCAA,ATATGTGTAAAAGCACAGCAAG
ATAATTTACCTCATCGCTCGTGGAGAATCCTTAAACCTACTTT,GAGAATCCTTAAACCTACTTTGAAACACGCTAGTGT
CTTAGTCTATGTCCAAATGGTTTTTTTCGGTAAGGACTCTT,TTTTTTTCGGTAAGGACTCTTGACGTACAAACTCCACATAGTTATACAATGGTACCAGGACACTATATGTAAATTGACCCTAAGAAAGAGTAATTCGACACACAGAGTTCTCAAGTGAAACCCCTCATCTCAGATTATCTGTGGTTGCAATTCTAATATCCGATTGTTACCCCGTGAGTATAACTCCAGATTAATATAAGAAAATACCTTTTGTCCTGCAAATTTATCTTAAATTCAAGTACATACGCTCCAAATCGTATAAAATATTAAGAAAAAGTTAATC
GCGTCAGGGATTCTGCAATTGACCCGTGAGCGCTTCAGGAAAA,CCCGTGAGCGCTTCAGGAAAACATCTTTCTTTGTTTGGGTAATAATCCTATTCCATAAAGTCTTTTCAATCCCGTTGGGGGTTGTACACAACAATACCCTACAAGTGAGTGATATTGACAAGTTTGTGTGCCGAGACAAACTCTCTTCAACTAGCCAATTGAAGTCAGT
CTGGCAGGAGTAAATGTGGGGAAACAGTATCAGCAACTACGAG,AACAGTATCAGCAACTACGAGAAGCAGCCACTGAGGCAGAAAAACAATTGCAGAAATACGCTGAATCTCGCGAGCTTGACCATCTAGGTCTCGATGATCAAGAGAAGAAGATCTTGAAAGACTTCCATCAGAAGAAAAATGAAATCAGCTTCCAGCAGACAACAGCCATGGTCACACTACGGAAGGAAAGGCTAGCCAAGCTCACTGAGGCAATCACCTCCACATCCCTTCTCAAGACAGGAAAACAGTATGATGATGACAACGATATCCCCTTTCCTGGGCCCATCAATGATAACGAAAACTCAGAACAGCAAGACGATGATCCAACAGATTCTCAGGACACTACCATCCCTGATATCATTGTTGACCCGGATGATGGCAGATACAACAATTATGGAGACTATCCTAGTGAGACGGCGAATGCCCCTGAAGACCTTGTTCTTTTTGACCTTGAAGATGGTGACGAGGATGATCACCGACCGTCAAGTTCATCAGAGAACAACAACAAACACAGTCTTACAGGAACTGACAGTA
GTAATATCTGGCCCGAAAGTGCTGATGAAGCAAATCCCAATCTGGCTTCCTCTGGGTGTCTCTGACCAGAAGACATATAGCTTTGATTCAACCACTGCTGCCATTATGCTAGCATCATATACCATCACTCATTTTGGCAAAACCTCA,ACTCATTTTGGCAAAACCTCAAATCCCCTTGTGAGAATCAACCGACTTGGTCCTGGCATACCTGATCACCCACTACGACTCCTAAGAATAGGAAATCAAGCCTTCCTACAAGAGTTTGTGCTACCTCCTGTACAACTGCCACAATACTTCACTTTTGATCTGACAGCGCTGAAGCTGATCACCCAGCCACTCCCAGCGGCAACCTGGACAG
ACTCGAAACTGTTCATGTGAAAACCGGTTCCTAGTACAGACTTTATACTTATCACGCATGCAGGATTCGGAAATCAAACTAATAGATAGATTGACCGGCCT,AATAGATAGATTGACCGGCCTTCTTAGTCTATGTCCAAATGGT
ACAATTCTACTGGCCTGTAATGAATCACAGGAACAAATTCATGGCTATCCTTCAGCACCACAAGTAATTTCTTCATAATGACAGATCATTGTAAGGTTATTACCACCATCCCTGCAACAAAGCATGAAAACCACACTCAACAAC,ATGAAAACCACACTCAACAACGCCCTACCACAGGATACCTTGGAGACCATACACCAAGATCAGCAGCTGTGCAACCACCCCCATGCGAATCCACCACCACAACCACCAAACAATAATCCCAAGACCAAACCGCACACATC
CGAACAATTACTCTAAGTGCTAAAAATAAATTAATAAACACTTTGTTCCATTCTTCTGCTGATTTAGAAGATGAAATGGTTTGCAAATGGTTGCTTTCTTCTACACCAGTCATGAGTAGGTTTGCCGCCGATATATTTTCTCGCACTCCCAGTGGGAAACGTTTACAGATCTTAGGTTACCTTGAAGGGACTAGAACATTGTTAGCCTCTAAAATTATAAATCATAATACTGAGACACCTATCCTAG,ATACTGAGACACCTATCCTAGGTCGATTGAGGAAAATTACGCT
CAAGGGAACAGACCTGGGTCACTTGTCATTAAGCAAGCCATTA,TTGTCATTAAGCAAGCCATTAGATTTTGGAACTATAACTTTGGCCTTGGCAGTACCACAAGTCTTGGGTGGCTTATCATTCCTAAATCCAGAAAAATGTTTTTATAGAAATCTGGGTGATCCTGTTACTTCAGGGCTGTTTCAGCTCAAGACATATCTTCAAATGATCCACATG
GGCACTTGTTCTTTGTCTCAAAGGACTTACAAAAACAAGGGTGATGAAGATTAAGAAAAAGCCTCCTTCAGTTGCAAGGAGCTAATTCTTAAAACTTCATCTAGACTAAGGATAAATCGATTCCAATCACGATGAGGAGAATCATCCTACCCACGGCACCACCTGAATACATGGAGGCTGTTTACCCAATG,ATGGAGGCTGTTTACCCAATGAGAACAATGAATTCTGGTGCAG
TACCTTGAGGGTCATGGCTTTCGCTTTGAGGTCAGGAAAAAGGAAGGAGTCAAGCGACTCGAAGAATTGCTTCCTGCTGCATCCAGTGGCAAGAGCATCAGGAGAACACTGGCTGCAATGCCTGAAGAGGAGACAACAGAAGCAAATGCCGGACAGTTCCTCTCTTTTGCTAGCTTATTTCTTCCTAAGCTAGTTGTCGGAGAAAAAGCCTGTCTAGAAAAGGTGCAGCGGCAAA,TAGAAAAGGTGCAGCGGCAAATTCAAGTTCATTC
CCCACCCAACCAAACCAGTTGTCGCGATGTATCTCCCAATATC,CGCGATGTATCTCCCAATATCACAGGCACAGATGGGTGCCCTTCTGCCAATGAGGGTTC
ATTTAGAATAAGAGACAACTTAAACCTCCG,AAGAGACAACTTAAACCTCCGATTCGGCAACACAGGGAATAAT
GTGATCACTCAGGACTGTGATTCCTGCCACTCCCCGGCCAGTC,CCTGCCACTCCCCGGCCAGTCTTCCCCCAGTCAATGAAAAATGACCATGAGACTCAACATCACA
ATATTGGAGGAACTGCTGGTGGTCGAGGACTTTCCGATGCGGC,TCGAGGACTTTCCGATGCGGCAAGATTGTTTCTTAGAACTGCCATTACTGTCTTCCTTCAATTCGTTAGAAAGTGGATAGTTGAACGCAAGACAGCTATTCCACTGTGGGTCATCTACCCTCTAGAAGGTCAAAGTCCTAGTCCGATCA
CGACACTGAGCCCCACATAAGGTCAGGGTCCGACTGCCTTCCC,TCAGGGTCCGACTGCCTTCCCAGACCCAAAAACACGGCCCCCCGGACTCGCAACACCCAGAC
AGTGCTTGGCCTGATCAATCACGACTTAGTTGGACAATTGGAGATGGCATCCCTTATATCGGATCTCGA,ATCCCTTATATCGGATCTCGAACAGAGGATAAGATTGGGCAGC
GTGTTATCTCGAGATTAATAACTATTGACTCTCACTTCTCAAT,TATTGACTCTCACTTCTCAATTTATATTGGAGGAACTGCTGGTG
CCCGTGAGCGCTTCAGGAAAACATCTTTCTTTGTTTGGGTAATAATCCTATTCCATAAAGTCTTTTCAATCCCGTTGGGGGTTGTACACAACAATACCCTACAAGTGAGTGATATTGACAAGTTTGTGTGCCGAGACAAACTCTCTTCAACTAGCCAATTGAAGTCAGT,AACTAGCCAATTGAAGTCAGTTGGGTTGAACTTGGAGGGCAAT
ATTAAATGATACTAGTATATAAAATGCCACCAACTTAATTCTA,AATGCCACCAACTTAATTCTAAGATTTTGTATATCTCGGAAATTCAAAATTAAATGCTACGTTATTGATTCAATTAAGAAAAAGACAATGGACCATCAAAATTAGTTCAATACCTGAACTAATGCA
CCCTTTCAAGTGAAGAGTTGTTTTTCGTACCTGTACCAGAAAC,TTTCGTACCTGTACCAGAAACCCAGAACCAGGTCCTTGACACGACAGCGACGGTCTCTCCTCCCATCTCCGCCCACAACC
CCCTTTCAAGTGAAGAGTTGTCTTTCGTACCTGTACCAGAAAC,TTTCGTACCTGTACCAGAAACCCAGAACCAGGTCCTTGACACGACAGCGACGGTCTCTCCTCCCATCTCCGCCCACAACC
AGGTGATTCTCCCCAATGTGCCCTGATCCAAATAACAAAACGGATCCCCATCTTCCAGGATGCCACTCCGCCCACAATTCACATCCGCTCTCGTGG,AATTCACATCCGCTCTCGTGGGGACATCCCACGTGCCTGCCAA
CGGACACACAAAAAGAAAGAAGGTTTTTTGATCTTTATTGTGTGCGAATAACTATGAGGAAGATTAATAATTTTCCTCTCATTGACACTTACATTAAGATTAAGATTCTCATTGATCTGTTACTTACTCTGAGGATAATAATTGGTGTTCAGAAGTACCCCATTCCCCAGTGGGGGCAAAGACAGTCCAAAAGACTCAACTTGTCCTATTCAACTAATCTGTTTTGTCTCAGTAGTTCACATATTGATCATACCCAGGAGTTGGACCTAATTCCAAAGCTTAGAGTGGGACCTAGTGTATCCTCGGGGCTGTAATATAATCAGCCATTTAACACATAACAAGCCCTACTGTTTTCTTGTTTTGCCGTGCATTTAGAATAAGAGACAACTT,ATTTAGAATAAGAGACAACTTAAACCTCCG
TTATTGAATACTGTAATCGTTGTTACGGTGTAAGAAATTTGTTTAATT,GTGTAAGAAATTTGTTTAATTGGATGCACTACACTATACCACA
CACAACCGTCAAACGCACAGAGGGACAAGCAAAGAACATCAAG,GGACAAGCAAAGAACATCAAGCCAGGAGCAACACAGACCCCAAGTCTAAGCTGATCAACCCCTCCCGCAATCCCACCAACGCCAGCAAAAATCCCCCAACTCGATACCAACCCCAAGCAAATCAGCTCAAA
CCACAAAGAATTGGTTTCAGAGGATTCCACTCCAGTGGTTCAGATGCAAAACATCAAGGGAAAGGA,GCAAAACATCAAGGGAAAGGACACAATGCCAACCACAGTG
CCCTTCTGCCAATGAGGGTTCAAACAGCAATAACAATAATTTA,AACAGCAATAACAATAATTTAGTCTCGCACAGAATTGTACTGCCGTTTTTTACAT
TCGAGGACTTTCCGATGCGGCAAGATTGTTTCTTAGAACTGCCATTACTGTCTTCCTTCAATTCGTTAGAAAGTGGATAGTTGAACGCAAGACAGCTATTCCACTGTGGGTCATCTACCCTCTAGAAGGTCAAAGTCCTAGTCCGATCA,GTCAAAGTCCTAGTCCGATCAACAGTTTTCTACACCACGTCATCGCATTGTTGCAACATGAGTCCTCCCACGATCATGTTTGTGCTGCAGAAGCCCACAGTCGAGTGGAGACATTTGATAATTTAGTT
AACCAAACCAAGTGAGTGGTAGTGA,AAACCAAGTGAGTGGTAGTGAAAATACCGACAATAAACCTCAC
AATGCCACCAACTTAATTCTAAGATTTTGTATATCTCGGAAATTCAAAATTAAATGCTACGTTATTGATTCAATTAAGAAAAAGACAATGGACCATCAAAATTAGTTCAATACCTGAACTAATGCA,TTCAATACCTGAACTAATGCATTTATAGAAACAGGAGAACCAG
GCTTGCTTTAATTATAACTTTAATATTCGACAAATAGTTAACGGTCTCATCACTCAAAAATTTCATTAACAAAAGAAGTACTCTGAGTATATTCACATATCATATGTGATTAACATATAAGCAACGCATGATGCGCCTTCCTCTTACTTATTGTGTTGTCACGC,TTACTTATTGTGTTGTCACGCAGTCGTTGTACTACCTCGAAAA
CCAATGTTCTTGGTTATAACCGACCGAATAAATTTGCTACAAA,ACCGAATAAATTTGCTACAAAAAGGGTACCTGAGCAATTCCTTGAACAGGAGAATTTCTCAATAGAGAG
GTCAAAGTCCTAGTCCGATCAACAGTTTTCTACACCACGTCATCGCATTGTTGCAACATGAGTCCTCCCACGATCATGTTTGTGCTGCAGAAGCCCACAGTCGAGTGGAGACATTTGATAATTTAGTT,GAGACATTTGATAATTTAGTTTATATGTGTAAAAGCACAGCAA
CATTAGATAGATGGGGTTCACTATTAATACACAATTACCCAAT,ATTAATACACAATTACCCAATCATGTTAACAGCAGTTAGATCCCTCAAGTATATCAAGTTCATTCTACCCTTTGCATTGTCACTCTAATTAAATCACCTGATACAATTATGTTAATTAGCTAGATTCTCTCATTTTTAGACTTGTTTGCTAGAATAATTGATCATCCACTTGATTACACATCCAACTAGGGTCTAGTTCATAGATTGCTAATAATCTTTAGTTCAATACTAATGACAAAGAGATTAGATTAGCTATAGCTTGAGGAAGATTAAGAAAAAGTGTCTGTGGGGTCTTTCCGT
TCTTGGCATCACACAAGTGATGATTTTGGTGAGAATGCTACTGTTAGAGGCAGTAGTTTTGTAACAGACTTGGAAAAATACAATTTAGCATTCCGAT,AATACAATTTAGCATTCCGATCTGAGTTTACAGCTCCTATTATTGAATACTGTAATCGTT
TTGTCATTAAGCAAGCCATTAGATTTTGGAACTATAACTTTGGCCTTGGCAGTACCACAAGTCTTGGGTGGCTTATCATTCCTAAATCCAGAAAAATGTTTTTATAGAAATCTGGGTGATCCTGTTACTTCAGGGCTGTTTCAGCTCAAGACATATCTTCAAATGATCCACATG,TATCTTCAAATGATCCACATGCATGATTTGTTTTTACCTTTGA
TCTCCCCAAAGAAAGATCTTGAAAAAGGGCTGGTTCTGAATGACCTTTGCACTCTCTCAGT,TGACCTTTGCACTCTCTCAGTCGCCCAGACGGTCCAGGGATGG
CAGAGGATAAGATTGGGCAGCCAGCCATCAAACCAAAATGCCCTTCAGCAGCCTTACGTGAAGCAATTGAGTTGACATCAAG,AGCAATTGAGTTGACATCAAGATTGACTTGGGTTACTCAAGGT
CACCAGGTTACAAACCTAGAACAAATATGCCAATTGATCATTC,AAATATGCCAATTGATCATTCAAGCCTTTGAAGCTGGTGTTGATTTTCA
AACCCTTCATAGAAGCACGAGTAAATTTAAGCGTACAGGAAATTCTCCAAATGACACCTTCT,ATTCTCCAAATGACACCTTCTCATTACTCCGGCAACATTGTGCATCGATATAATGATCAATATAGTCCACAC
AGGGATTTTGGACAAAAAATTGGCAATCTAATTTGCGACAATG,GCAATCTAATTTGCGACAATGAGGTTTTAC
CAGACCGATCCGGTTTGCAATCACAATTTTGAAGACGTTACACAAGCACTAACATCATTAACCAATGTCATACAAAAACAGGCTCTTAACTTAGAGTCTCTCGAACAACGCATCATAGATCTAGAGAATGGCTTAAAGCCAATGTATGACATGGCTAAAGTCATTTCTGCATTGAATAGATCTTGTGCTGAGATGGTAGCAAAATATGATCTCCTGGTGATGACAACTGGCCGCGCAACCGCCACCGCCGCTGCAACTGAGGCTTATTGGGAGGAACATGGACAACCACCACCTGGACCATCACTTTATGAAGAGAGTGCGATTAGAGGCAAGATTAACAAGCAAGAGGATAAAGTACCTAAGGAAGTTCAAGAAGCTTTTCGTAATCTGGACAGTACCAGCTCACTAACAGAAGAGAACTTTGGCAAGCCAGATATATCTGCAAAGGACCTACGAGACATCATGTATGACCACCTACCAGGCTTCGGTACGGCTTTTCACCAACTGGTCCAGGTAATTTGCAAGCTAGGAAAA,GTAATTTGCAAGCTAGGAAAAGACAATTCTGCATTGGACATTATTCATGCTGAGTTCCAAG
GTGTAAGAAATTTGTTTAATTGGATGCACTACACTATACCACA,GATGCACTACACTATACCACAGTGTTATATACATGTGAGTGATTATTATAACCCCCCACATGGAGTCTCTCTCGAAAACCGAGAAAATCCACCAGAAGGTCCAAGCTCTTACCGTGGTCATCTAGGCGGGATTGAGGGACTTCAACAAAAACTCTGGACAAGCATCTCATGTGCACAGATTTCATTAGTTG
CCCAGACCAAACTCCGCCCCAGACAAGCACCCCACCCATCCCAGAAACCGCACGGCCGAGAATCG,AAACCGCACGGCCGAGAATCGCTCCCCAGCATTCAAAATGCGT
TTCGGCAACACAGGGAATAATCTCACCAGACCCGGCAGTGTCTTCAGGCTTCATAGCCCCAAGATGGAGAGTCGGGCCCACAAAGCATGGATGACGCACACCGCATCAGGTTTCGAAACAGATTACCATAAGATTTTAACAGCAGGATTGTCAGTCCAACAAGGCATTGTGAGACAACGGGTCATTCAAGTCCACCAGGTTACAAACCTAGAA,CACCAGGTTACAAACCTAGAAGAAATATGCCAATTGATCATTC
ATGATTTGTTTTTACCTTTGATCGCAAAGAACCCAGGGAACTGTAGCGCAATTGACTTTGTGTTAAACCCTAGTGGGTTAAA,GTTAAACCCTAGTGGGTTAAACGTACCGGGGTCACAGGATTTG
TCATCAACGGATCCAATCAGTAGTGGGGAAACAC,CAATCAGTAGTGGGGAAACACGATCATTCA
TAAAACCTGATGAAACTTTTGGTCACTCAGGTTTCATTTATTT,TCACTCAGGTTTCATTTATTTTGGCAAAAAACAATATTTGAATGGAGTACAATTACCTCAATCACTGAAAACTGCTACTAGAATTGCACCCTTGTCAGATGCTATCTTTGATGATCTTCAAGGGACACTAGCTAGCATAGGCACGGCTTTTGAAAGATCTATCTCCGAAACTAGGCACGTAGTCCCTTGTAGAGTAGCAGCTGCATTCCATACCTTTTTTTCCGTAAGAATCTTACAATATCATCATCTTGGCTTCAACAAGGGAACAGACCTGGGTCA
ATATGTGTAAAAGCACAGCAAG,TATGTGTAAAAGCACAGCAAGTAACTTCTTTCATGCTTCATTA
AGATCAACCCAAACCATCAAACACCACCCCACTCCGC,TCAAACACCACCCCACTCCGCGA
GGAGGGCAATGGAGTAGCAACTGATGTACCAACGGCAACCAAA,GATGTACCAACGGCAACCAAAAGATGGGGTTTTCGAGCTGGTGTTCCACCAAAGGTGGTAAATTGCGAAGCTGGAGAATGGGCTGAGAACTGTTATAACCTGGCTATAAAGAAAGTTGATGGTAGTGAGTGCCTACCAGAAGCCCCTGAGGGAGTGAGGGATTTTCCCCGTTGCCGCTATGTACACAAAGTCTCAGGAACTGGACCATGCCCAGGAGGACTCGCCTTTCACAAAGAAGGAGCCTTCTTCCTGTATGACCGACTCGCATCAACAATCATTTATCGGGGTACAACCTTTGCCGAAGGAGTTATTGCATTTCTGATCTTGCCTAAGGCGCGAAAGGATTTTTTCCAGTCTCCTCCATTGCATGAGCCTGCCAACATGACCACGGATCCCTCCAGTTACTATCACACGACAACAATAAACTACGTGGTTGATAATTTTGGAACCAACACCACAGAGTTTCTGTTCCAAGTCGATCATTTGACGTATGTGCAGCTCGAGGCAAGATTCACACCACAATTCCTTGTCCTCCTAAATGAAACCATCTACTCTGATAACCGCAGAAGTAACACAACAGGA
AAACACCACCCCACTCCGCGAACCCAGACCAAACTCCGCCCCA,CCCAGACCAAACTCCGCCCCAGACAAGCACCCCACCCATCCCAGAAACCGCACGGCCGAGAATCG
AATATTAAGAAAAAGTTAATCAGCTTGCTTTAATTATAACTTT,GCTTGCTTTAATTATAACTTTAATATTCGACAAATAGTTAACGGTCTCATCACTCAAAAATTTCATTAACAAAAGAAGTACTCTGAGTATATTCACATATCATATGTGATTAACATATAAGCAACGCATGATGCGCCTTCCTCTTACTTATTGTGTTGTCACGC
CTATTATGTCTAGGTTCCATGGTGGACAAATAAAAGTCACTTTAAACAATTCTGCAAGCCAGATTACCGATATTACTAATCCAAGTTGGTTGGCAGACCAAAAATCTAGGATCCCTAAGCAAGTAGAGATTATAACCATGGATGCTGAAACAACAGAAAACATTAATCGGTCAAAATTGTACGAAGCAGTCCAACAGCTGATTGTCTCACATATTGATCCGAATGCACTCAAAGTTGTGGTTCTT,GCACTCAAAGTTGTGGTTCTTAAAGTTTTCTTAAGTGACATTGATGGAATCCTATGGCTGAATGATAACCTTACCCCTTTGTTTGGGCTGGGTTACTTGATCAAGCCGATCACCTCTAGCCCAAAATCTAGTGAGTGGTACCTATGTCTCTCAAACCTTCTTTCAACTTCAAGACGATTACCTCATCAGAGTC
TAACGATCATGTGGATAGGGACTTTGGACAAAAAATTCGCAAT,TTTGGACAAAAAATTCGCAATCTAATTTGCGACAATG
CGCAGCCGAAGACCACAAAGAATTGGTTTCAGA,CCACAAAGAATTGGTTTCAGAGGATTCCACTCCAGTGGTTCAGATGCAAAACATCAAGGGAAAGGA
TCAGGGTCCGACTGCCTTCCCAGACCCAAAAACACGGCCCCCCGGACTCGCAACACCCAGAC,CCGGACTCGCAACACCCAGACACAGACCGATCCGGTTTGCAAT
TTATTCATGCTGAGTTCCAAGCCAGCCTTGCTG,AGTTCCAAGCCAGCCTTGCTGTAGGTGATTCTCCCCAATGTGC
GTTATGGAGGTATATCAACGCTTAC,TGGAGGTATATCAACGCTTACACAGCGATAAAGGTGGGAATTTCGAGGCAGCACTATGGCAGCAGTGGGATCGGCAATCATTGATAATGTTCATAACAGCATTTTTAAATATTGCATTACAATTACCATG
CATTAGATAGATGGGGTTCACCATTA,GATAGATGGGGTTCACCATTAATACACAATTACCCAAT
CTCCCATCTCCGCCCACAACCACGCAGCCGAAG,CCCACAACCACGCAGCCGAAGCCCACAAAGAATTGGTTTCAGA
TAGCATCCCTCCTTTGGAATCAGACGAAGAAAACAACACTGAG,GACGAAGAAAACAACACTGAGACAACCATTACCACCACAAAAAATACCACTGCTCCACCAGCACCTGTTTATCGGAGTAATTCAGAAAAGGAGCCCCTCCCGCA
CGACACTGAGCCCCACATAAGCTCAGGGTCCGACTGCCTTCCC,TCAGGGTCCGACTGCCTTCCCAGACCCAAAAACACGGCCCCCCGGACTCGCAACACCCAGAC
AACTAATCTGGAAAATAAATCCCACTGTTGATACCAGCATGGGTGAGTGGGCTTTCTGGG,TGGGTGAGTGGGCTTTCTGGGAAAATAAAAAAACTTCACAAAA
GACACAATGCCAACCACAGTGGCGGGTGTACCAACAACCACAC,CGGGTGTACCAACAACCACACCCTCTCCATTTCCAATCAATGCTCGCAACACTGATCATACCAAATCA
AATGATCAATATAGTCCACACTCATTTATGGCAAATAGGATGA,CATTTATGGCAAATAGGATGAGTAATTCTGCTACTAGGTTAGTTGTTTCGACAAACACTCTTGGAGAATTTTCAGGAGGAGGTCAGTCAGCAAGAGATAGTAATATTATCTTCCAGAATGTCATTAATTTTG
ATGGGTTTTTTGGTAGAGTTGCAAGAGCCTGACAAATCAGCCATGAACACCAGAAAA,TCAGCCATGAACACCAGAAAACCAGGACCAGTCAAATTCTCCC
CAGAATGTCATTAATTTTGCTCTTGCACTTTTTGATCTACGAT,TTGCACTTTTTGATCTACGATTTAGGAACGTGGCTACTTCTTCTATACAACATCATCGGGCTCATCTTCATTTGTCAAAGTGTTGCACGCGAGAGGTTCCAGCCCAATATTTAGTTTATACATCAACATTGCCATTGGACCTTACACGGTATCGGGATAATGAGTTGATTTACGATGACAATCCATTAAGAGGTGGTTTAAATTGCAATCTTTCTTTTGATAATCCGCTTTTCAAGGGCCAGAGACTTAACATAATTGAAGAAGACTTGATTAGACTACCTTACTTATCAGGATGGGAGCTAGCTAAAACTGTTATCCAATCTATAATTTCTGACAGCAACAATTCATCAACGGAT
CCCTTCTGCCAATGAGGGTTCTAACAGCAATAACAATAATTTA,AACAGCAATAACAATAATTTAGTCTCGCACAGAATTGTACTGCCGTTTTTTACAT
AATAGATAGATTGACCGGCCTACTTAGTCTATGTCCAAATGGT,CTTAGTCTATGTCCAAATGGTTTTTTTCGGTAAGGACTCTT
TTCGGCAACACAGGGAATAATCTCACCAGACCCGGCAGTGTCTTCAGGCTTCATAGCCCCAAGATGGAGAGTCGGGCCCACAAAGCATGGATGACGCACACCGCATCAGGTTTCGAAACAGATTACCATAAGATTTTAACAGCAGGATTGTCAGTCCAACAAGGCATTGTGAGACAACGGGTCATTCAAGTCCACCAGGTTACAAACCTAGAA,CACCAGGTTACAAACCTAGAACAAATATGCCAATTGATCATTC
GCCAGAGCACCTCACCGCAAGTCTATACAACAATCAACCCCGGCATCTACAACCTGCAAAAACCAGCCCATCTGATACTCCTGGCATCGGGGGCAAGACAAGGCAGCCAAGCAGCAGCCCCCGAGCCGAGCCCAAACCCATTACACCCGAGCCCAACACCCATCCAGCAACCCACAACCGTCAAACGCACAGA,CACAACCGTCAAACGCACAGAGGGACAAGCAAAGAACATCAAG
TGTCTGCACTCGATTCTATCATACTCGAAACTGTTCATGTGAA,ACTCGAAACTGTTCATGTGAAAACCGGTTCCTAGTACAGACTTTATACTTATCACGCATGCAGGATTCGGAAATCAAACTAATAGATAGATTGACCGGCCT
TAAAACCTGATGAAACTTTTGTTCACTCAGGTTTCATTTATTT,TCACTCAGGTTTCATTTATTTTGGCAAAAAACAATATTTGAATGGAGTACAATTACCTCAATCACTGAAAACTGCTACTAGAATTGCACCCTTGTCAGATGCTATCTTTGATGATCTTCAAGGGACACTAGCTAGCATAGGCACGGCTTTTGAAAGATCTATCTCCGAAACTAGGCACGTAGTCCCTTGTAGAGTAGCAGCTGCATTCCATACCTTTTTTTCCGTAAGAATCTTACAATATCATCATCTTGGCTTCAACAAGGGAACAGACCTGGGTCA
GCTACTGGGAGGTACAACCTTATCTCCCCAAAGAAAGATCTTG,TCTCCCCAAAGAAAGATCTTGAAAAAGGGCTGGTTCTGAATGACCTTTGCACTCTCTCAGT
ACATCCTTCAGAAAACAGAGCACGGAGTGCGTCTTCATCCTTT,CGGAGTGCGTCTTCATCCTTTGGCAAGAACTGCTAAGGTCAAGAACGAAGTAAATTCCTTTAAGGCTGCCCTTAGCTCGCTAGCACAACATGGAGAGTATGCTCCTTTTGCTCGCTTGCTGAATCTTTCTGGAGTCAACAATCTCGAGCACGGACTGTTTCCTCAGCTTTCTGCAATTGCCCTAGGTGTCGCAACGGCACACGGCAGTACCCTGGCAGGAGTAAATGTGGGG
TTGCCGTGTATTTAGAATAAGAGACAACTT,ATTTAGAATAAGAGACAACTTAAACCTCCG
CATCACACAGCCAGAGCACCTCACCGCAAG,GCCAGAGCACCTCACCGCAAGTCTATACAACAATCAACCCCGGCATCTACAACCTGCAAAAACCAGCCCATCTGATACTCCTGGCATCGGGGGCAAGACAAGGCAGCCAAGCAGCAGCCCCCGAGCCGAGCCCAAACCCATTACACCCGAGCCCAACACCCATCCAGCAACCCACAACCGTCAAACGCACAGA
TGAAACTCCAGCTGTGTCAACTGGCACGCTCCGCCCAGGGATCTCATTCCATCCCAAATTAAGGCCTATCCTGCTACCAGGAAGAGCTGGAAAGAAGGGCTCCAACTCCGATCTAACATCTCCTGACAAAATCCAGGCTATAATGAATTTCCTACAAGACCTCAAAATTGTACCAATCGATCCAACCAAGAATATCATGGGTATTGAAGTGCCAGAACTCCTGGTTCACAGGCTGACTGGGAAGAAGACAACTACCAAGAATGGTCAACCAATCATTCCAATTCTGCTACCAAAGTACATTGGTCTTGATCCTCTATCTCAAGGTGATCTCACAATGGTGATCACTCAGGACTGTGAT,GTGATCACTCAGGACTGTGATTCCTGCCACTCCCCGGCCAGTC
GACGATTACCTCATCAGAGTCTTACTACTTGCATGCATGTTAT,TACTACTTGCATGCATGTTATTCAAACAGCACTCCAGCTACAAATTCAGAGGAGCTCATATTGGCTTAGCCACCTTGTCCAGTATGCCAATCATAATTTGCATTTAGA
AAGAGACAACTTAAACCTCCGATTCGGCAACACAGGGAATAAT,TTCGGCAACACAGGGAATAATCTCACCAGACCCGGCAGTGTCTTCAGGCTTCATAGCCCCAAGATGGAGAGTCGGGCCCACAAAGCATGGATGACGCACACCGCATCAGGTTTCGAAACAGATTACCATAAGATTTTAACAGCAGGATTGTCAGTCCAACAAGGCATTGTGAGACAACGGGTCATTCAAGTCCACCAGGTTACAAACCTAGAA
CATTGTCCAACATCTAGCGCACCTGCAGACCGAGATTAGGGAG,CTGCAGACCGAGATTAGGGAGTTGGTTAATGACTATAATCAACAAAGACAAAGTCGAACCCAAACATATCATTTCATTAAAACAATAAAAGGTCGTATTACAAAATTGGTAAATGATTACCTTAAGTTCTTTCTAATAATACAAGCCTTAAAGCACAATTGCACATGGCAAGAGGAACTAAGAGCTCTTCCAGATCTAATTAGTGTCTGCACTCGATTCTATCA
TCAAAAACAAATGATGAAGATTAATGCAGATGTCTAAAGGATA,AATGCAGATGTCTAAAGGATAAACACTCCATGCATCAGTGTTATAATTGGGCTCTGTAGAAAATCTTCATCTCCTCCAACCTACCTCAAAGAAGGATTTTACCGCGATTGGGAGTTATAACGACAATAGGGACAACCACCTT
ATGAAAACCACACTCAACAACGCCCTACCACAGGATACCTTGGAGACCATACACCAAGATCAGCAGCTGTGCAACCACCCCCATGCGAATCCACCACCACAACCACCAAACAATAATCCCAAGACCAAACCGCACACATC,CAAGACCAAACCGCACACATCCAGATCAACCCAAACCCTCAAA
CTTGGAAAGCAATGCAGTCAATTACCTTGAGGGTCATGGCTTT,TACCTTGAGGGTCATGGCTTTCGCTTTGAGGTCAGGAAAAAGGAAGGAGTCAAGCGACTCGAAGAATTGCTTCCTGCTGCATCCAGTGGCAAGAGCATCAGGAGAACACTGGCTGCAATGCCTGAAGAGGAGACAACAGAAGCAAATGCCGGACAGTTCCTCTCTTTTGCTAGCTTATTTCTTCCTAAGCTAGTTGTCGGAGAAAAAGCCTGTCTAGAAAAGGTGCAGCGGCAAA
CAGCCTTGCTGAAGGTGATTCTCCCCAATGTGC,AGGTGATTCTCCCCAATGTGCCCTGATCCAAATAACAAAACGGATCCCCATCTTCCAGGATGCCACTCCGCCCACAATTCACATCCGCTCTCGTGG
AATATTAAGAAAAAGTTAATCTGCTTGCTTTAATTATAACTTT,GCTTGCTTTAATTATAACTTTAATATTCGACAAATAGTTAACGGTCTCATCACTCAAAAATTTCATTAACAAAAGAAGTACTCTGAGTATATTCACATATCATATGTGATTAACATATAAGCAACGCATGATGCGCCTTCCTCTTACTTATTGTGTTGTCACGC
GGTTAAAAAAATGCTGCAGGCCAGCTATTGTTCCACAGGTCCCAATTCTTCTTGTTAAATTGTAGGAGCTAGCACAAGTGATGCAATTAAATGAT,CAAGTGATGCAATTAAATGATCCTAGTATATACAATGCCACCA
TTACTCATTTTGGCAAAACCTCA,ACTCATTTTGGCAAAACCTCAAATCCCCTTGTGAGAATCAACCGACTTGGTCCTGGCATACCTGATCACCCACTACGACTCCTAAGAATAGGAAATCAAGCCTTCCTACAAGAGTTTGTGCTACCTCCTGTACAACTGCCACAATACTTCACTTTTGATCTGACAGCGCTGAAGCTGATCACCCAGCCACTCCCAGCGGCAACCTGGACAG
TTTTTTTCGGTAAGGACTCTTGACGTACAAACTCCACATAGTTATACAATGGTACCAGGACACTATATGTAAATTGACCCTAAGAAAGAGTAATTCGACACACAGAGTTCTCAAGTGAAACCCCTCATCTCAGATTATCTGTGGTTGCAATTCTAATATCCGATTGTTACCCCGTGAGTATAACTCCAGATTAATATAAGAAAATACCTTTTGTCCTGCAAATTTATCTTAAATTCAAGTACATACGCTCCAAATCGTATAAAATATTAAGAAAAAGTTAATC,AATATTAAGAAAAAGTTAATCAGCTTGCTTTAATTATAACTTT
CTCCCATCTCCGCCCACAACCGCGCAGCCGAAGACCACAAAGA,CGCAGCCGAAGACCACAAAGAATTGGTTTCAGA
GTACCGGGGTCACAGGATTTGACATCCTTCCTACGTCAGATAGTGCG,CTTCCTACGTCAGATAGTGCGCCGAACAATTACTCTAAGTGCT
TACTACTTGCATGCATGTTATTCAAACAGCACTCCAGCTACAAATTCAGAGGAGCTCATATTGGCTTAGCCACCTTGTCCAGTATGCCAATCATAATTTGCATTTAGA,CAATCATAATTTGCATTTAGAGTATATTAAGCTCGGTTTCCCTTCATTGGAG
TCTGAGCAGGGATTGATCCAATAC,GAGCAGGGATTGATCCAATACCCCACAGCCTGGCAGTCAG
GTTAAACCCTAGTGGGTTAAACGTACCGGGGTCACAGGATTTG,GTACCGGGGTCACAGGATTTGACATCCTTCCTACGTCAGATAGTGCG
CTGATTGGCTTCTTACTACTGGAACAAACCACTTTCAAATGCGCACA,AACCACTTTCAAATGCGCACAAAACAGGCTAAGGAGCAACTAA
GGATCAGAAGGTTACAAAGTCATAAAATTCCTTGAGCCGTTATGCTTAGCAAAGATCCAACTCTGCTCAAATTACACTGAGAGGAAAGGAAGATTCCTCACTCAAATGCATTTAGCTGTAAATCATACACTTGAGGAACTTACAGGGTCCCGAGAATTAAGGCCACAACAGATTCGGAAGGTAAGGGAATTCCATCAAATGCTGATAAACCTTAAGGCAACTCCTCAACA,CCTTAAGGCAACTCCTCAACAACTCTGTGAGTTGTTTTCAGTG
GCGGCAAATTCAAGTTCATTCTGAGCAGGGATTGATCCAA,TCTGAGCAGGGATTGATCCAAGACCCCACAGCCTGGCAGTCAG
AAATAAAAAAACTTCACAAAAACCCTTTCAAGTGAAGAGTTGT,CCCTTTCAAGTGAAGAGTTGTCTTTCGTACCTGTACCAGAAAC
AAGAACTGGATAACTCAATAAATTTTATGCTAGGACCACAAATACACTTGATGAAGATTAAGAAAAAGATAATCTTATGATTATCATTGATCTTCATCTATACCTTAAATACTCTATTCAAGGAGAGTATGACAAAACCAAGTAGTATTGGATAAACTTGTCCTGCATTCAAATCTGAAGACATACGGCTTATCTATTCACTATTGTATTAGAAAATCTAGGGAATATCATTTGAAACTAATTAGTGACTAAAACACACAACTCAAGTCGGCCAGAATGGAAGTTGTTCATGAAAGAGGTCGCTCCAGGATCTCCCGACAAAACACAAGGGATGGACCTAGTCATTTAGTACGGGCGAGATCATCCTCTCGAGCTAGTTATCGAAGTGAATACCATACACCAAGGAGTGCCTCGCAGATCCGTGTCCCCACTGTCTTTCATCGGAAAAAGACAGATTTATTGACAGTTCCACCAGCACCTAAAGATGTATGCCCGACTTTAAAGAAAGGGTTTCTATGTGACAGCAATTTCTGTAAAAAGGATCACCAACTTGAAAGCTTAACAGATAGAGAGTTACTCTTGCTGATTGCACGCAAGACATGTGGATCCACGGAACAACAACTAAGCATAGTTGCTCCAAAAGATTCACGTCTGGCTAATCCTATTGCTGAGGATTTCCAACAAAAAGATGGGCCTAAGGTAACACTGTCGATGCTTATAGAGACAGCAGAGTATTGGTCCAAACAGGACATTAAGAACATCGATGATTCAAGATTAAGAGCTTTATTGACCCTTTGTGCTGTTATGACGCGCAAATTTTCAAAATC,GACGCGCAAATTTTCAAAATCCCAACTTAGCTTGCTATGTGAA
ACCAGGAACTTATTTCCACATCTCTTTCAAAACCCGAACTCTACAATTGAGTCGCCACTTTGGGCACTGCGGGTCATACTAGCAGCAGGTATTCAAGATCAGCTAATTGATCAATCGTTGATCGAACCCTTGGCAGGAGCGCTAGGCTTAATT,GCAGGAGCGCTAGGCTTAATTGCTGATTGGCTTCTTACTACTG
TATTGACTCTCACTTCTCAATTTATATTGGAGGAACTGCTGGTG,ATATTGGAGGAACTGCTGGTGGTCGAGGACTTTCCGATGCGGC
CAAACCTGCACTATTGGACAGCCTTGGATGAGGGTGCTGCCATAGGTTTAGCCTGGATACCATACTTCGGGCCAGCAGCTGAGGGAATTTACACTGAAGGCATAATGGAGAATCAAAATGGATTGATCTGTGGATTGAGGCAGCTGGCCAACGAAACGACACAAGCTCTTCAATTGTTCTTAAGGGCAACTACTGAGTTGCGTACATTCTCTATACTAAATCGGAAAGCAATAGACTTCTTGCTCCAAAGATGGGGAGGAACATGTCACATTCTAGGGCCTG,CATGTCACATTCTAGGGCCTGGTTGTTGCATTGAACCCCAAGA
CAACAAAGGATGAAAACCACACTCAACAAC,ATGAAAACCACACTCAACAACGCCCTACCACAGGATACCTTGGAGACCATACACCAAGATCAGCAGCTGTGCAACCACCCCCATGCGAATCCACCACCACAACCACCAAACAATAATCCCAAGACCAAACCGCACACATC
TTCAATACCTGAACTAATGCACTTATAGAAACAGGAGAACCAG,TTATAGAAACAGGAGAACCAGCCAGACAGCAGACAAATAACAATGAACCACAATATGTTACTGCTATAATGAAGTTCGTTAATTCAAAAACAAATGATGAAGAT
GAGAATCCTTAAACCTACTTTGAAACACGCTAGTGT,TACTTTGAAACACGCTAGTGTTATCTCGAGATTAATAA
CCTGCCACTCCCCGGCCAGTCTTCCCCCAGTCAATGAAAAATGACCATGAGACTCAACATCACA,ACCATGAGACTCAACATCACAATGCCAGAGCACCTCACCGCAA
GCAAACAGCGACTTACTAGTTAAACCCTTCATAGAAGCACGAG,AACCCTTCATAGAAGCACGAGTAAATTTAAGCGTACAGGAAATTCTCCAAATGACACCTTCT
ACTCGAAACTGTTCATGTGAAAACCGGTTCCTAGTACAGACTTTATACTTATCACGCATGCAGGATTCGGAAATCAAACTAATAGATAGATTGACCGGCCT,AATAGATAGATTGACCGGCCTACTTAGTCTATGTCCAAATGGT
TTTGGTGCACTCATCAGTTATTATCTAGGCAACACCATTATTAGAACCAAAAAATTGACTCTTAACAACTTCATATATTACCTAGCTACTCAAATACATAATTTACCTCATCGCTCGT,ATAATTTACCTCATCGCTCGTTGAGAATCCTTAAAC
CGAACAATTACTCTAAGTGCTAAAAATAAATTAATAAACACTTTGTTCCATTCTTCTGCTGATTTAGAAGATGAAATGGTTTGCAAATGGTTGCTTTCTTCTACACCAGTCATGAGTAGGTTTGCCGCCGATATATTTTCTCGCACTCCCAGTGGGAAACGTTTACAGATCTTAGGTTACCTTGAAGGGACTAGAACATTGTTAGCCTCTAAAATTATAAATCATAATACTGAGACACCTATCCTAG,ATACTGAGACACCTATCCTAGATCGATTGAG
GCTGCTAGCTTAGCAAAAGTCACAAGTGCCTGCGGCATCTTTTTAAAACCTGATGAAACTTTTG,TAAAACCTGATGAAACTTTTGTTCACTCAGGTTTCATTTATTT
GTCCTACATTATGCTCAACGTCTGGAATATCTTCTCCCGGAGTACCGGAACTTCTCTTTTTCACTCAA,GAACTTCTCTTTTTCACTCAAGGAGAAGGAGTTAAACATTGGA
ACCATGAGACTCAACATCACAATGCCAGAGCACCTCACCGCAA,TGCCAGAGCACCTCACCGCAAG
GCAGGAGCGCTAGGCTTAATTACTGATTGGCTTCTTACTACTG,CTGATTGGCTTCTTACTACTGGAACAAACCACTTTCAAATGCGCACA
AAGAACACTGCCCATTGGATAGATGGGGTTCACCATTA,GATAGATGGGGTTCACCATTAATACACAATTACCCAAT
TTATTGAATACTGTAATCGTTGTTACGGTGTAAGAAATTTGTTTAATT,GTGTAAGAAATTTGTTTAATTCGATGCACTACACTATACCACA
AACTTGATGAAGATTAAGGCAACCAGTGGTGCTATCTTCATCTCTTTGATTTGAGTCTTAAGTGAATACACAGGTTCTAATACTGTTCTTCTGTCCAA,TAATACTGTTCTTCTGTCCAATGGTATAATTCAGCCAGGCCTA
TCACTCAGGTTTCATTTATTTTGGCAAAAAACAATATTTGAATGGAGTACAATTACCTCAATCACTGAAAACTGCTACTAGAATTGCACCCTTGTCAGATGCTATCTTTGATGATCTTCAAGGGACACTAGCTAGCATAGGCACGGCTTTTGAAAGATCTATCTCCGAAACTAGGCACGTAGTCCCTTGTAGAGTAGCAGCTGCATTCCATACCTTTTTTTCCGTAAGAATCTTACAATATCATCATCTTGGCTTCAACAAGGGAACAGACCTGGGTCA,CAAGGGAACAGACCTGGGTCAATTGTCATTAAGCAAGCCATTA
AATTCACATCCGCTCTCGTGGTGACATCCCACGTGCCTGCCAA,GACATCCCACGTGCCTGCCAAAAAAGTCTCCGTCCAGTTCCTCCATCACCAAAAATAGACAGAGGTTGGGTTTGCATTTTCCAATTGCAGGACGGGAAGACACTTGGGCTCAAGATATAGGGTCCCCCAGTCAAAGACACGTGCGGTCCCATCCTCCCTCACCTTCAGACATC
CGCAGAAGTAACACAACAGGAAAACTAATCTGGAAAATAAATC,AACTAATCTGGAAAATAAATCCCACTGTTGATACCAGCATGGGTGAGTGGGCTTTCTGGG
TCAAATGTTTCACTGGTATGATCTTGCAATTCTAGCACGTAGAGGGCGACTAAATAGAGGGAATAATCGCTCAACAT,GAGGGAATAATCGCTCAACATGGTTTGCAAGTGATAATTTGGT
AATTATAATTACCCGGACAAAAATGGGTTTTTTGGTAGAGTTG,ATGGGTTTTTTGGTAGAGTTGCAAGAGCCTGACAAATCAGCCATGAACACCAGAAAA
CGCGATGTATCTCCCAATATCACAGGCACAGATGGGTGCCCTTCTGCCAATGAGGGTTC,CCCTTCTGCCAATGAGGGTTCAAACAGCAATAACAATAATTTA
TCGAGGACTTTCCGATGCGGCAAGATTGTTTCTTAGAACTGCCATTACTGTCTTCCTTCAATTCGTTAGAAAGTGGATAGTTGAACGCAAGACAGCTATTCCACTGTGGGTCATCTACCCTCTAGAAGGTCAAAGTCCTAGTCCGATCA,GTCAAAGTCCTAGTCCGATCAGCAGTTTTCTACACCAC
AACTAATCTGGAAAATAAATCCCACTGTTGATACCAGCATGGGTGAGTGGGCTTTCTGGG,TGGGTGAGTGGGCTTTCTGGGTAAATAAAAAAACTTCACAAAA
TCAGCAAACGATCAACGCACTTCTTATGCCACAGCTTATATTAAGAAAAAGAACTTGATGAAGATTAAGGCA,AACTTGATGAAGATTAAGGCAACCAGTGGTGCTATCTTCATCTCTTTGATTTGAGTCTTAAGTGAATACACAGGTTCTAATACTGTTCTTCTGTCCAA
GGAGAATTTCTCAATAGAGAGAGTCCTACATTATGCTCAACGT,GTCCTACATTATGCTCAACGTCTGGAATATCTTCTCCCGGAGTACCGGAACTTCTCTTTTTCACTCAA
CCCGTGAGCGCTTCAGGAAAACATCTTTCTTTGTTTGGGTAATAATCCTATTCCATAAAGTCTTTTCAATCCCGTTGGGGGTTGTACACAACAATACCCTACAAGTGAGTGATATTGACAAGTTTGTGTGCCGAGACAAACTCTCTTCAACTAGCCAATTGAAGTCAGT,AACTAGCCAATTGAAGTCAGTCGGGTTGAACTTGGAGGGCAAT
CATGTCACATTCTAGGGCCTGGTTGTTGCATTGAACCCCAAGA,TTGTTGCATTGAACCCCAAGATTGGACCAAAAATATCACTGATAAAATTGATCAAATAATCCATGACTTTGTCGATAATAATCTTCCAAATCAGAATGATGGCAGCAACTGGTGGACTGGATGGAAACAATGGGTTCCTGCTGGAATAGGAATCACAGGAGTAATCATTGCTATTATTGC
GTGTAAGAAATTTGTTTAATTCGATGCACTACACTATACCACA,GATGCACTACACTATACCACAGTGTTATATACATGTGAGTGATTATTATAACCCCCCACATGGAGTCTCTCTCGAAAACCGAGAAAATCCACCAGAAGGTCCAAGCTCTTACCGTGGTCATCTAGGCGGGATTGAGGGACTTCAACAAAAACTCTGGACAAGCATCTCATGTGCACAGATTTCATTAGTTG
GTCTTACAGGAACTGACAGTAACAAAACAAGTAACTGGAATCG,CAAAACAAGTAACTGGAATCGAAACCCGACTAATA
ACCTATCCTAGATCGATTGAGGAAAATTACGCT,TCGATTGAGGAAAATTACGCTGCAAAGGTGGAGCCTGTGGTTTAGTTATCTCGACCACTGTGATCAAGTTCTGGCTGATGCCCTAACTCAGATAACCTGCACTGTGGACTTAGCACAGATTCTTCGCGAGTACACCTGGGCACACATACTAGAGGGAAGGCAGCTCATTGGAGCAACACTTCCTTGTATACTAGAACAACTAAATGTCATCTGGCTCAAACCATATGAGCATTGCCCTAAATGTGCAAAGTCAGCAAACCCTAAAGGGGAACCTTTTGTTTCTATTGCAATTAAAAAACATGTAGTAAGTGCTTGGCCTGATCAATCA
AATACACAACCCAAATGCAACGCAAACCTGCACTATTGGACAG,CAAACCTGCACTATTGGACAGCCTTGGATGAGGGTGCTGCCATAGGTTTAGCCTGGATACCATACTTCGGGCCAGCAGCTGAGGGAATTTACACTGAAGGCATAATGGAGAATCAAAATGGATTGATCTGTGGATTGAGGCAGCTGGCCAACGAAACGACACAAGCTCTTCAATTGTTCTTAAGGGCAACTACTGAGTTGCGTACATTCTCTATACTAAATCGGAAAGCAATAGACTTCTTGCTCCAAAGATGGGGAGGAACATGTCACATTCTAGGGCCTG
CCAATGGTCACAATGAAGATGACATTGATAGCATCCCTCCTTTGGAATC,TAGCATCCCTCCTTTGGAATCAGACGAAGAAAACAACACTGAG
GTGGACCTGGCTTCCTGACGAACACAATACGGGGGGTTACAAATCTCCTGACAGGATCCAGAAGAAAGCGAAGGGATGTCACTCCCAATACACAACCCAAATGCAAC,AATACACAACCCAAATGCAACCCAAACCTGCACTATTGGACAG
GCAATCTAATTTGCGACAATGAGGTTTTAC,TTTGCGACAATGAGGTTTTACATCAAATGTTTCACTGGTATGA
TGTCTGCACTCGATTCTATCACACTCGAAACTGTTCATGTGAA,ACTCGAAACTGTTCATGTGAAAACCGGTTCCTAGTACAGACTTTATACTTATCACGCATGCAGGATTCGGAAATCAAACTAATAGATAGATTGACCGGCCT
AGATCAACCCAAACCCTCAAACACCACCCCACTCCGC,TCAAACACCACCCCACTCCGCGA
AACTAGCCAATTGAAGTCAGTTGGGTTGAACTTGGAGGGCAAT,GGGTTGAACTTGGAGGGCAATGGAGTAGCAAC
CAGAATACAACCAAAGCCCCACCCAACCAAACCAGTTG,CCCACCCAACCAAACCAGTTGTCGCGATGTATCTCCCAATATC
CAACTTAGCTTGCTATGTGAAAGCCACTTACGGCGAGAAGGACTTGGTCAAGACC,GAGAAGGACTTGGTCAAGACCAATCAGAGTCAGTTCTGGAGGT
AGAAAAGGAGCCCCTCCCGCAAGAAAAATCCCAGAAG,CCGCAAGAAAAATCCCAGAAGGAACCAAACCAAGTGAGTGGTA
GGCTATCCAAAAAGTAAAGAAACATGCAACAGTGATAAAAGCA,CATGCAACAGTGATAAAAGCATTGCGCCCAATAATAATCTTTGAAACATATTGTGTGTTTAAATACAGCATTGCAAAACATTATTTTGATAGTCAGGGTACGTGGTACAGTGTGACTTCTGACAGATGCTTAACACCAGGCCTTTCCTCTTACATCAAAAGAAACCAATTTCCTCCACTACCTATGATCAAAGAACTTTTGTGGGAATTTTATCACTTAGATCATCCTCCGTTATTCTCCACCAAAGTGATTAGTGATTTGAGTATCTTTATTAAAGATCGTGCTACTGCAGTCGAGAAAACATGCTGGGACGCAGTTTTTGAACCCAATGTTC
GGCACTTGTTCTTTGTCTCAAAGGACTTACAAAAACAAGGGTGATGAAGATTAAGAAAAAGCCTCCTTCAGTTGCAAGGAGCTAATTCTTAAAACTTCATCTAGACTAAGGATAAATCGATTCCAATCACGATGAGGAGAATCATCCTACCCACGGCACCACCTGAATACATGGAGGCTGTTTACCCAATG,ATGGAGGCTGTTTACCCAATGCGAACAATGAATTCTGGTGCAG
ACCGAATAAATTTGCTACAAAAAGGGTACCTGAGCAATTCCTTGAACAGGAGAATTTCTCAATAGAGAG,GGAGAATTTCTCAATAGAGAGTGTCCTACATTATGCTCAACGT
TTAAGGACCTCACAAAATTCCTGGGGATTGA,CACAAAATTCCTGGGGATTGATAAGAACTGGATAACTCAATAA
CACAAAATTCCTGGGGATTGATAAGAACTGGATAACTCAATAA,AAGAACTGGATAACTCAATAAATTTTATGCTAGGACCACAAATACACTTGATGAAGATTAAGAAAAAGATAATCTTATGATTATCATTGATCTTCATCTATACCTTAAATACTCTATTCAAGGAGAGTATGACAAAACCAAGTAGTATTGGATAAACTTGTCCTGCATTCAAATCTGAAGACATACGGCTTATCTATTCACTATTGTATTAGAAAATCTAGGGAATATCATTTGAAACTAATTAGTGACTAAAACACACAACTCAAGTCGGCCAGAATGGAAGTTGTTCATGAAAGAGGTCGCTCCAGGATCTCCCGACAAAACACAAGGGATGGACCTAGTCATTTAGTACGGGCGAGATCATCCTCTCGAGCTAGTTATCGAAGTGAATACCATACACCAAGGAGTGCCTCGCAGATCCGTGTCCCCACTGTCTTTCATCGGAAAAAGACAGATTTATTGACAGTTCCACCAGCACCTAAAGATGTATGCCCGACTTTAAAGAAAGGGTTTCTATGTGACAGCAATTTCTGTAAAAAGGATCACCAACTTGAAAGCTTAACAGATAGAGAGTTACTCTTGCTGATTGCACGCAAGACATGTGGATCCACGGAACAACAACTAAGCATAGTTGCTCCAAAAGATTCACGTCTGGCTAATCCTATTGCTGAGGATTTCCAACAAAAAGATGGGCCTAAGGTAACACTGTCGATGCTTATAGAGACAGCAGAGTATTGGTCCAAACAGGACATTAAGAACATCGATGATTCAAGATTAAGAGCTTTATTGACCCTTTGTGCTGTTATGACGCGCAAATTTTCAAAATC
GCCCAGACGGTCCAGGGATGGAAGGTTACCTGGGCTGGGATTGAATTTGATGTTACACAGAAAGGGATGGCCTTATTGCACAGGCTCAAGACCAGTGATTTTGCTCCAGCCTGGTCAATGACCAGGAACTTATTTCCACAT,ACCAGGAACTTATTTCCACATCTCTTTCAAAACCCGAACTCTACAATTGAGTCGCCACTTTGGGCACTGCGGGTCATACTAGCAGCAGGTATTCAAGATCAGCTAATTGATCAATCGTTGATCGAACCCTTGGCAGGAGCGCTAGGCTTAATT
AAACCAAGTGAGTGGTAGTGAAAATACCGACAATAAACCTCAC,AATACCGACAATAAACCTCACTCAGAGCAATCAGTGGAAGAAATGTATCGACACATCCTCCAAACACAAGGACCATTTGATGCCATCCTATACTATTACATGATGACGGAGGAGCCGATTGTCTTTAGCACTAGTGATGGGAAAGAATACGTATACCCTGATTCTCTTGAAGGGGAGCATCCACCGTGGCTCAGTGAAAAAGAGGCCTTGAATGAGGACAATAGGTTTATCACAATGGATGATC
GAGAAGGAGTTAAACATTGGACGAGCTTTTGGGAAATTGCCATATCCAACACGCAATGTTCAAACTCTGTGCGAAGCTTTGTTAGCAGATGGTTTGGCGAAAGCATTCCCAAGCAATATGATGGTTGTGACAGAGCGCGAGCAAAAAGAAAGCCTTTTGCATCAAGC,AGAAAGCCTTTTGCATCAAGCTTCTTGGCATCACACAAGTGAT
TGCTCCACCTCCATCTGCTGACGAGGCTACATATGATAGGAAAAACAAAGTTTTGAAAGCTTCCAGACCTGGCAAGTATTC,TTCCAGACCTGGCAAGTATTCCCAGAATACAACCAAAGCCCCA
TTACTTATTGTGTTGTCACGCTGTCGTTGTACTACCTCGAAAA,GTCGTTGTACTACCTCGAAAATTCCAAACAATAAATCGTGTCTATCCCGCATTTAGTGTCTTTAATTTAAGATCTCAAATCCAAAAAACTGGGTTTATGTTGATGTAAATCAATAATACCGAAATTGCTTGATATTAAAATAAAGCTTAAAGGATTTTTCCTTAAACGGTGATGTTAGGTATATAGGAAAGCTCGATCACGATGTCCCTTACTCAGAAAAAGAAAAACGGAAGCCCTATTGGCCATTTAATCGTACACAAAAATATCTTTACCAAATTGTTTTCTCTTTTTTGTGT
TAATCTTAGAATTCAATAGTTCTCTCGCTA,AATTCAATAGTTCTCTCGCTATTTAACTCAACTCATCAAAATGCTAACTTGTGATCCTTAAGCTGCACCTTAGACTTTTGATAAGAATACTAACTATTGATGATTGTCTTTGACATGAGGATAAGAACACTGCCCATTAGATAGATGGGGTTCAC
GAGGGAATAATCGCTCAACATTGTTTGCAAGTGATAATTTGGT,GTTTGCAAGTGATAATTTGGTAGATATCCTAGGTTATGGAGATTATATTTTTTGGAAAATACCATTATCACTACTACCAGTGGATACACAAGGCCTCCCACATGCAGCCAAGGACTGGTATCATGAATCGGTTTTCAAGGAGGCTATTCAAGGCCATACACACATCGTGTCCATCTCTACAGCAGATGTCTTAATCATGTGTAAGGACATAATCACCTGTCGATTTAATACTTTACTGATTGCTGCTGTGGCAAATCTAGAGGATTCAGTTCATTCAGATTACCCTTTACCAGAAACAGTGTCTGACCTATACAAAGCAGGAGATTATTTAATCTCATTGCTAGGATCAGAAGGTTACAAAGTC
GCCAAAGAAAGACTCCACACAAAACAATGACAATCCTGCACAGCGGGCTCAAGAATACGCCAGGGATAACATCCAGGATACACCAACACCCCA,CCAGGATACACCAACACCCCATCGAGCTCTAACTCCCATCAGC
CAAGACCAAACCGCACACATCGAGATCAACCCAAACCCTCAAA,AGATCAACCCAAACCCTCAAACACCACCCCACTCCGC
CCCATCAGCGAAGAAACCGGCGCCAATGGTCACAATGAAGATG,CCAATGGTCACAATGAAGATGACATTGATAGCATCCCTCCTTTGGAATC
GACAATAGGGACAACCACCTTTGACACTAGCCAAGCTTGTCGT,GACACTAGCCAAGCTTGTCGTGGGCACACAGCATTTTATCTTGCAACGTCGACATTCCCATCAATCTGAGGAGTAACAGCTATCAAAACAACGCATATGTAGACATTGTCGGTAATAGTACTGCCTAAGACAACTATTTATAATAACAGTTGGAATTCATTTTTTCACCCAAGCTATTCTCAAGTTAACAGTTGAAACAGGACTCGACCCAGGACAACTCCGGATACGTAACATAAGAAAAGAACAACCCTTGACCCAGAGTGAACAAGCTCATACTATCAAGGCTAATCCTCGGGCCTGCCTGGAGTCCACAATGGCCAAGGCTACTGGGAGGTACAACCTT
CCTCCCTCACCTTCAGACATCCACGCATGGCAGTCCCAAACAC,ACGCATGGCAGTCCCAAACACCGGTGAGGGAGGCGCCCGGCGACAACACATGATGATAGGCTGATCTTCGGGATAAGAGACATGAAAAACCAAAAAGCCGTTTACATCCAGATCCAAGATCAAGAGTGGCTTGGAAATAAG
TAGCCACAGAACACAGCATTGAAG,CCACAGAACACAGCATTGAAGCAGAAATTATTTCTGGAATAAC
ACAATTATAATTACCCGGACAAA,AATTATAATTACCCGGACAAATATGGGTTTTTTGGTAGAGTTG
AAACCGCACGGCCGAGAATCGCTCCCCAGCATTCAAAATGCGT,TCCCCAGCATTCAAAATGCGTTATTAAGAAAAAACATATGATGAAGATTAAAACCTTCATCAACATTGCACAGACTTTGATCCTTAGGAGTTTATTCTAGCTATCTACAAAACGGGTCCAAAACGGAATGATTTCCACTAGGGCTGCAGCAATCAATGATCCTTCATTACCAATCAGAAACCAGTGTACACGTGGCC
ATCAGAGTCAGTTCTGGAGGTATATCAACGCTTAC,TGGAGGTATATCAACGCTTACACAGCGATAAAGGTGGGAATTTCGAGGCAGCACTATGGCAGCAGTGGGATCGGCAATCATTGATAATGTTCATAACAGCATTTTTAAATATTGCATTACAATTACCATG
GAGGGAATAATCGCTCAACATGGTTTGCAAGTGATAATTTGGT,GTTTGCAAGTGATAATTTGGTAGATATCCTAGGTTATGGAGATTATATTTTTTGGAAAATACCATTATCACTACTACCAGTGGATACACAAGGCCTCCCACATGCAGCCAAGGACTGGTATCATGAATCGGTTTTCAAGGAGGCTATTCAAGGCCATACACACATCGTGTCCATCTCTACAGCAGATGTCTTAATCATGTGTAAGGACATAATCACCTGTCGATTTAATACTTTACTGATTGCTGCTGTGGCAAATCTAGAGGATTCAGTTCATTCAGATTACCCTTTACCAGAAACAGTGTCTGACCTATACAAAGCAGGAGATTATTTAATCTCATTGCTAGGATCAGAAGGTTACAAAGTC
ATCCCTTATATCGGATCTCGATCAGAGGATAAGATTGGGCAGC,CAGAGGATAAGATTGGGCAGCCAGCCATCAAACCAAAATGCCCTTCAGCAGCCTTACGTGAAGCAATTGAGTTGACATCAAG
AAATATGCCAATTGATCATTCAAGCCTTTGAAGCTGGTGTTGATTTTCA,TGAAGCTGGTGTTGATTTTCATGAGAGTGCAGACAGTTTCTTG
TAACGATCATGTGGATAGGGATTTTGGACAAAAAATT,AGGGATTTTGGACAAAAAATTCGCAAT
CAAGTGATGCAATTAAATGATACTAGTATATA,ATTAAATGATACTAGTATATAAAATGCCACCAACTTAATTCTA
AACAGGCTAAGGAGCAACTAAGTCTAAAAATGTTGTCCCTGGTGCGATCAAACATCCTAAAGTTCATCAACCAACTAGATGCACTACATGTTGTGAATTACAATGGACTTCTCAGTAGCATTGAAATTGGCACCAAAAGCCATACAATTATAATTACCCGGACA,ACAATTATAATTACCCGGACAAA
TAAGATTGGACTACTATATAGATTTGGTGCACTCATCAGTTAT,TTTGGTGCACTCATCAGTTATTATCTAGGCAACACCATTATTAGAACCAAAAAATTGACTCTTAACAACTTCATATATTACCTAGCTACTCAAATACATAATTTACCTCATCGCTCGT
AATACATTAGCCACAGAACACAGCATTG,TAGCCACAGAACACAGCATTGAAG
GAAACCAGTGTACACGTGGCCTTGAACTATCAGGATGGATCTC,TGAACTATCAGGATGGATCTCCGAACAATTAATGACAGGCAAAATTCCGGTACATGAAATCTTCAACGACACTGAGCCCCACATAAG
GAGAAGGACTTGGTCAAGACCAATCAGAGTCAGTTCTGGAGGT,ATCAGAGTCAGTTCTGGAGGTATATCAACGCTTAC
TTGTACTGCCGTTTTTTACATTGTCTCATAATTATAACGAAAG,GTCTCATAATTATAACGAAAGACCCTCTATCAGAAAGTCTGAGGGGACAACAGAGATTGTAAGGCTTACTCGGCAGCTGAGGGCAATACCAGACACCACAATATATTGCCGCTTCACGGGAATAGTTTCTTCAATGCACTATAAGCTCGATGAAGTCCTTTGGGAATTTGATAATTTTAAGTCTGCTATAACACTTGCCGAAGGTGAAGGTTCGGGTGCATTACTCTTATTACAAAAATATAAAGTAGAAACCTTGTTTTTTAATACACTAGCCACAGAACACAGCATTG
GAGAGTTCATCTGTTGTTATTTCAGGTTTGAGAATGCTGATACCCCAGTCGGAAGCCACTGAGGTTGTAACCCCCTCCGAAACCTGCACATGGTCAGAAGGAGGAAGTTCCCATTGAAGCCCCAAATCACAAGGCGAGCTAAAAAATCCCTTTTGAACATGCATAACATCACATACAATTTCAAAGGCATTGGAATAAATGGTGATTTCAGGAAGATTAGTGTTTGCCCTCAAAATCAGATCCGAGCAATAATCATCTACTCTACAGCCAGTTAATTTCTAATATAA,GCCAGTTAATTTCTAATATAAGGGTTAAAAAAATGCTGCAGGC
AAACCGCACGGCCGAGAATCGATCCCCAGCATTCAAAATGCGT,TCCCCAGCATTCAAAATGCGTTATTAAGAAAAAACATATGATGAAGATTAAAACCTTCATCAACATTGCACAGACTTTGATCCTTAGGAGTTTATTCTAGCTATCTACAAAACGGGTCCAAAACGGAATGATTTCCACTAGGGCTGCAGCAATCAATGATCCTTCATTACCAATCAGAAACCAGTGTACACGTGGCC
TACCTTGAGGGTCATGGCTTTCGCTTTGAGGTCAGGAAAAAGGAAGGAGTCAAGCGACTCGAAGAATTGCTTCCTGCTGCATCCAGTGGCAAGAGCATCAGGAGAACACTGGCTGCAATGCCTGAAGAGGAGACAACAGAAGCAAATGCCGGACAGTTCCTCTCTTTTGCTAGCTTATTTCTTCCTAAGCTAGTTGTCGGAGAAAAAGCCTGTCTAGAAAAGGTGCAGCGGCAAA,TAGAAAAGGTGCAGCGGCAAAC
ACCATCCAGCCCCACGGTCCCCAACACCACAGAAAGCCACGCC,AACACCACAGAAAGCCACGCCGAACTTGGCAAGACAACCCCAACCACACTCCCAGAACAGCACACTGCCGCCAGTGCCATTCCAAGAGCCGTGCACCCCGACGAACTC
CCAATGGTCACAATGAAGATGACATTGATAGCATCCCTCCTTTGGAATC,TAGCATCCCTCCTTTGGAATCTGACGAAGAAAACAACACTGAG
ATTTAGAATAAGAGACAACTTAAACCTCCG,AAGAGACAACTTAAACCTCCGGTTCGGCAACACAGGGAATAAT
AATACAATTTAGCATTCCGATATGAGTTTACAGCTCCTTTTATTGAATACTGTAATCGTT,TTATTGAATACTGTAATCGTTGTTACGGTGTAAGAAATTTGTTTAATT
CGGAGTGCGTCTTCATCCTTTGGCAAGAACTGCTAAGGTCAAGAACGAAGTAAATTCCTTTAAGGCTGCCCTTAGCTCGCTAGCACAACATGGAGAGTATGCTCCTTTTGCTCGCTTGCTGAATCTTTCTGGAGTCAACAATCTCGAGCACGGACTGTTTCCTCAGCTTTCTGCAATTGCCCTAGGTGTCGCAACGGCACACGGCAGTACCCTGGCAGGAGTAAATGTGGGG,CTGGCAGGAGTAAATGTGGGGGAACAGTATCAGCAACTACGAG
AACAGTATCAGCAACTACGAGAAGCAGCCACTGAGGCAGAAAAACAATTGCAGAAATACGCTGAATCTCGCGAGCTTGACCATCTAGGTCTCGATGATCAAGAGAAGAAGATCTTGAAAGACTTCCATCAGAAGAAAAATGAAATCAGCTTCCAGCAGACAACAGCCATGGTCACACTACGGAAGGAAAGGCTAGCCAAGCTCACTGAGGCAATCACCTCCACATCCCTTCTCAAGACAGGAAAACAGTATGATGATGACAACGATATCCCCTTTCCTGGGCCCATCAATGATAACGAAAACTCAGAACAGCAAGACGATGATCCAACAGATTCTCAGGACACTACCATCCCTGATATCATTGTTGACCCGGATGATGGCAGATACAACAATTATGGAGACTATCCTAGTGAGACGGCGAATGCCCCTGAAGACCTTGTTCTTTTTGACCTTGAAGATGGTGACGAGGATGATCACCGACCGTCAAGTTCATCAGAGAACAACAACAAACACAGTCTTACAGGAACTGACAGTA,GTCTTACAGGAACTGACAGTAGCAAAACAAGTAACTGGAATCG
GCAATCTAATTTGCGACAATGAGGTTTTAC,TTTGCGACAATGAGGTTTTACGTCAAATGTTTCACTGGTATGA
TTATTCATGCTGAGTTCCAAGCCAGCCTTGCTG,AGTTCCAAGCCAGCCTTGCTGAAGGTGATTC
CCCACAACCACGCAGCCGAAGCCCACAAAGAATTGGTTTCAGA,CCACAAAGAATTGGTTTCAGAGGATTCCACTCCAGTGGTTCAGATGCAAAACATCAAGGGAAAGGA
TGGAGGTATATCAACGCTTACACAGCGATAAAGGTGGGAATTTCGAGGCAGCACTATGGCAGCAGTGGGATCGGCAATCATTGATAATGTTCATAACAGCATTTTTAAATATTGCATTACAATTACCATG,TATTGCATTACAATTACCATGCGAGAGTTCATCTGTTGTTATT
TTGACTTGGGTTACTCAAGGTGGAGCAAACAGCGACTTACTAGTT,GCAAACAGCGACTTACTAGTTAAACCCTTCATAGAAGCACGAG
AGGGATTTTGGACAAAAAATTCGCAAT,TTTGGACAAAAAATTCGCAATCTAATTTGCGACAATG
CGGGTGTACCAACAACCACACCCTCTCCATTTCCAATCAATGCTCGCAACACTGATCATACCAAATCA,AACACTGATCATACCAAATCACTTATCGGCCTGGAGGGGCCCC
ATCCCTTATATCGGATCTCGAACAGAGGATAAGATTGGGCAGC,CAGAGGATAAGATTGGGCAGCCAGCCATCAAACCAAAATGCCCTTCAGCAGCCTTACGTGAAGCAATTGAGTTGACATCAAG
TGGAGGTATATCAACGCTTACACAGCGATAAAGGTGGGAATTTCGAGGCAGCACTATGGCAGCAGTGGGATCGGCAATCATTGATAATGTTCATAACAGCATTTTTAAATATTGCATTACAATTACCATG,TATTGCATTACAATTACCATGTGAGAGTTCATCTGTTGTTATT
CAGTTTTTGAACCCAATGTTCTTGGTTATAACC,CCAATGTTCTTGGTTATAACCGACCGAATAAATTTGCTACAAA
ACCCCACAGCCTGGCAGTCAGTTGGACACATGATGGTCATTTTCAGACTGATGAGAACAAATTTTCTAATTAAGTTCCTCCTTATACATCAAGGGATGCATATGGTAGCAGGACACGATGCTAACGATGCTGTCATCGCAAACTCTGTAGCTCAAGCACGTTTTTCAGGATTAT,AAGCACGTTTTTCAGGATTATTGATCGTTAAAACAGTGCTAGATCACATCCTTCAGAAAACAGAGC
CCCACAACCACGCAGCCGAAGACCACAAAGA,CGCAGCCGAAGACCACAAAGAATTGGTTTCAGA
TCCAGAATGTCATTAATTTTGATGTTGCACTTTTTGATCTACG,TGTTGCACTTTTTGATCTACGAT
GGTTAAAAAAATGCTGCAGGCCAGCTATTGTTCCACAGGTCCCAATTCTTCTTGTTAAATTGTAGGAGCTAGCACAAGTGATGCAATTAAATGAT,CAAGTGATGCAATTAAATGATACTAGTATATA
AGCAACAATTCATCAACGGATCCAATCAGT,TCATCAACGGATCCAATCAGTAGTGGGGAAACAC
GGTATAATTCAGCCAGGCCTAAGACAGTAGCTAATCACAGTCATCATGGGAGCGTCAGGGATTCTGCAATTG,GCGTCAGGGATTCTGCAATTGACCCGTGAGCGCTTCAGGAAAA
AACACTGATCATACCAAATCATTTATCGGCCTGGAGGGGCCCC,TTATCGGCCTGGAGGGGCCCCAAGAAGACCACAGCACCACACAGCCTGCCAAGACCACCAGCCAACCAACCAACAGCACAGAATCGACGACACTAAACCCAACATCAGAGCCCTCC
TGCTCCACCTCCATCTGCTGACGAGGCTACATATGATAGGAAAAACAAAGTTTTGAAAGCTTCCAGACCTGGCAAGTATTC,TTCCAGACCTGGCAAGTATTCACAGAATACAACCAAAGCCCCA
CATGTCACATTCTAGGGCCTGATTGTTGCATTGAACCCCAAGA,TTGTTGCATTGAACCCCAAGATTGGACCAAAAATATCACTGATAAAATTGATCAAATAATCCATGACTTTGTCGATAATAATCTTCCAAATCAGAATGATGGCAGCAACTGGTGGACTGGATGGAAACAATGGGTTCCTGCTGGAATAGGAATCACAGGAGTAATCATTGCTATTATTGC
TGACATATCCTAAGATTGGACTACTATATAG,TAAGATTGGACTACTATATAGATTTGGTGCACTCATCAGTTAT
TTATCGGCCTGGAGGGGCCCCAAGAAGACCACAGCACCACACAGCCTGCCAAGACCACCAGCCAACCAACCAACAGCACAGAATCGACGACACTAAACCCAACATCAGAGCCCTCC,AACCCAACATCAGAGCCCTCCCGTAGAGGCACGGGACCATCCA
TATCTTCAAATGATCCACATGGATGATTTGTTTTTACCTTTGA,ATGATTTGTTTTTACCTTTGATCGCAAAGAACCCAGGGAACTGTAGCGCAATTGACTTTGTGTTAAACCCTAGTGGGTTAAA
GCCAGTTAATTTCTAATATAAAGGTTAAAAAAATGCTGCAGGC,GGTTAAAAAAATGCTGCAGGCCAGCTATTGTTCCACAGGTCCCAATTCTTCTTGTTAAATTGTAGGAGCTAGCACAAGTGATGCAATTAAATGAT
TTGGTTCCCTCCAGACCAGCCCTGCTCCACCTCCATCTGCTGA,TGCTCCACCTCCATCTGCTGACGAGGCTACATATGATAGGAAAAACAAAGTTTTGAAAGCTTCCAGACCTGGCAAGTATTC
GTGATCACTCAGGACTGTGATCCCTGCCACTCCCCGGCCAGTC,CCTGCCACTCCCCGGCCAGTCTTCCCCCAGTCAATGAAAAATGACCATGAGACTCAACATCACA
CAATCAGTAGTGGGGAAACACGATCATTCA,GTGGGGAAACACGATCATTCACCACTCACTTCTTGACATATCCTAAGATTGGAC
GTACCGGGGTCACAGGATTTGACATCCTTCCTACGTCAGATAGTGCG,CTTCCTACGTCAGATAGTGCGACGAACAATTACTCTAAGTGCT
TCAAACACCACCCCACTCCGCGA,AAACACCACCCCACTCCGCGATCCCAGACCAAACTCCGCCCCA
GCAAAACATCAAGGGAAAGGACACAATGCCAACCACAGTG,GACACAATGCCAACCACAGTGGCGGGTGTACCAACAACCACAC
GGACAAGCAAAGAACATCAAGCCAGGAGCAACACAGACCCCAAGTCTAAGCTGATCAACCCCTCCCGCAATCCCACCAACGCCAGCAAAAATCCCCCAACTCGATACCAACCCCAAGCAAATCAGCTCAAA,CCCCAAGCAAATCAGCTCAAACCGTCTATCTCTCCCCGCTTCA
GTAGAGGCACGGGACCATCCAGCCCCACGGTCCC,ACCATCCAGCCCCACGGTCCCCAACACCACAGAAAGCCACGCC
GGAATCGAAACCCGACTAATAGGCCAAAGAAAGACTCCACACA,GCCAAAGAAAGACTCCACACAAAACAATGACAATCCTGCACAGCGGGCTCAAGAATACGCCAGGGATAACATCCAGGATACACCAACACCCCA
TATTGCATTACAATTACCATGTGAGAGTTCATCTGTTGTTATT,GAGAGTTCATCTGTTGTTATTTCAGGTTTGAGAATGCTGATACCCCAGTCGGAAGCCACTGAGGTTGTAACCCCCTCCGAAACCTGCACATGGTCAGAAGGAGGAAGTTCCCATTGAAGCCCCAAATCACAAGGCGAGCTAAAAAATCCCTTTTGAACATGCATAACATCACATACAATTTCAAAGGCATTGGAATAAATGGTGATTTCAGGAAGATTAGTGTTTGCCCTCAAAATCAGATCCGAGCAATAATCATCTACTCTACAGCCAGTTAATTTCTAATATAA
TCAAACACCACCCCACTCCGCGA,AAACACCACCCCACTCCGCGAACCCAGACCAAACTCCGCCCCA
TGAAGATAATGCCGCTAGAGTAGCTGCTAGCTTAGCAAAAGTC,GCTGCTAGCTTAGCAAAAGTCACAAGTGCCTGCGGCATCTTTTTAAAACCTGATGAAACTTTTG
TCCCAGCGGCAACCTGGACAGGTGAAACTCCAGCTGTGTCAAC,TGAAACTCCAGCTGTGTCAACTGGCACGCTCCGCCCAGGGATCTCATTCCATCCCAAATTAAGGCCTATCCTGCTACCAGGAAGAGCTGGAAAGAAGGGCTCCAACTCCGATCTAACATCTCCTGACAAAATCCAGGCTATAATGAATTTCCTACAAGACCTCAAAATTGTACCAATCGATCCAACCAAGAATATCATGGGTATTGAAGTGCCAGAACTCCTGGTTCACAGGCTGACTGGGAAGAAGACAACTACCAAGAATGGTCAACCAATCATTCCAATTCTGCTACCAAAGTACATTGGTCTTGATCCTCTATCTCAAGGTGATCTCACAATGGTGATCACTCAGGACTGTGAT
GCTCGTTGAGAATCCTTAAACCTACTTT,GAGAATCCTTAAACCTACTTTGAAACACGCTAGTGT
AATGCCACCAACTTAATTCTAAGATTTTGTATATCTCGGAAATTCAAAATTAAATGCTACGTTATTGATTCAATTAAGAAAAAGACAATGGACCATCAAAATTAGTTCAATACCTGAACTAATGCA,TTCAATACCTGAACTAATGCACTTATAGAAACAGGAGAACCAG
ATAATTTACCTCATCGCTCGTTGAGAATCCTTAAAC,GCTCGTTGAGAATCCTTAAACCTACTTT
CAAGAGTGGCTTGGAAATAAGTGGCACTTGTTCTTTGTCTCAA,GGCACTTGTTCTTTGTCTCAAAGGACTTACAAAAACAAGGGTGATGAAGATTAAGAAAAAGCCTCCTTCAGTTGCAAGGAGCTAATTCTTAAAACTTCATCTAGACTAAGGATAAATCGATTCCAATCACGATGAGGAGAATCATCCTACCCACGGCACCACCTGAATACATGGAGGCTGTTTACCCAATG
CATTTATGGCAAATAGGATGAGTAATTCTGCTACTAGGTTAGTTGTTTCGACAAACACTCTTGGAGAATTTTCAGGAGGAGGTCAGTCAGCAAGAGATAGTAATATTATCTTCCAGAATGTCATTAATTTTG,TCCAGAATGTCATTAATTTTGCT
TATATTGGAAGCTATGGTGAATGTAATATCTGGCCCGAAAGTG,GTAATATCTGGCCCGAAAGTGCTGATGAAGCAAATCCCAATCTGGCTTCCTCTGGGTGTCTCTGACCAGAAGACATATAGCTTTGATTCAACCACTGCTGCCATTATGCTAGCATCATATACCATCACTCATTTTGGCAAAACCTCA
AACACCACAGAAAGCCACGCCGAACTTGGCAAGACAACCCCAACCACACTCCCAGAACAGCACACTGCCGCCAGTGCCATTCCAAGAGCCGTGCACCCCGACGAACTC,GCCGTGCACCCCGACGAACTCAGTGGACCTGGCTTCCTGACGA
CTGCAGACCGAGATTAGGGAGTTGGTTAATGACTATAATCAACAAAGACAAAGTCGAACCCAAACATATCATTTCATTAAAACAATAAAAGGTCGTATTACAAAATTGGTAAATGATTACCTTAAGTTCTTTCTAATAATACAAGCCTTAAAGCACAATTGCACATGGCAAGAGGAACTAAGAGCTCTTCCAGATCTAATTAGTGTCTGCACTCGATTCTATCA,TGTCTGCACTCGATTCTATCATACTCGAAACTGTTCATGTGAA
CATTGTCCAACATCTAGCGCAGCTGCAGACCGAGATTAGGGAG,CTGCAGACCGAGATTAGGGAGTTGGTTAATGACTATAATCAACAAAGACAAAGTCGAACCCAAACATATCATTTCATTAAAACAATAAAAGGTCGTATTACAAAATTGGTAAATGATTACCTTAAGTTCTTTCTAATAATACAAGCCTTAAAGCACAATTGCACATGGCAAGAGGAACTAAGAGCTCTTCCAGATCTAATTAGTGTCTGCACTCGATTCTATCA
TTATAGAAACAGGAGAACCAGCCAGACAGCAGACAAATAACAATGAACCACAATATGTTACTGCTATAATGAAGTTCGTTAATTCAAAAACAAATGATGAAGAT,TCAAAAACAAATGATGAAGATTAATGCAGATGTCTAAAGGATA
GAGAGTGCAGACAGTTTCTTGCTGATGCTATGTTTACATCATGCTTATCAGGGTGACTACAAGCAATTCTTGGAAAGCAATGCAGTCAA,CTTGGAAAGCAATGCAGTCAATTACCTTGAGGGTCATGGCTTT
AGTTCCAAGCCAGCCTTGCTGAAGGTGATTC,CAGCCTTGCTGAAGGTGATTCTCCCCAATGTGC
TTTGCTCCAGCCTGGTCAATCACCAGGAACTTATTTCCACAT,ACCAGGAACTTATTTCCACATCTCTTTCAAAACCCGAACTCTACAATTGAGTCGCCACTTTGGGCACTGCGGGTCATACTAGCAGCAGGTATTCAAGATCAGCTAATTGATCAATCGTTGATCGAACCCTTGGCAGGAGCGCTAGGCTTAATT
GCGGCAAATTCAAGTTCATTCTGAGCAGGGATTGATCCAA,TCTGAGCAGGGATTGATCCAATAC
AGAAAAGGAGCCCCTCCCGCACGAAAAATCCCAGAAGCAACCA,GAAAAATCCCAGAAGCAACCAAACCAAGTGAGTGGTA
TTGCTGTGCATTTGCAAATTCATGCTTTGAACTAATATAGCATCATACTTTCTAATATTCCCCCAATATGAATTTTTGTTTTCGATTTTATTTAATGATATATCCTCTGTATACCTCACTAATGTACTCGAGCATAATTTCCCTGATAGACTTGATTGTATTTGATG,TAGACTTGATTGTATTTGATGATTAAGGACCTCACAAAATTCC
AAGAACTGGATAACTCAATAAATTTTATGCTAGGACCACAAATACACTTGATGAAGATTAAGAAAAAGATAATCTTATGATTATCATTGATCTTCATCTATACCTTAAATACTCTATTCAAGGAGAGTATGACAAAACCAAGTAGTATTGGATAAACTTGTCCTGCATTCAAATCTGAAGACATACGGCTTATCTATTCACTATTGTATTAGAAAATCTAGGGAATATCATTTGAAACTAATTAGTGACTAAAACACACAACTCAAGTCGGCCAGAATGGAAGTTGTTCATGAAAGAGGTCGCTCCAGGATCTCCCGACAAAACACAAGGGATGGACCTAGTCATTTAGTACGGGCGAGATCATCCTCTCGAGCTAGTTATCGAAGTGAATACCATACACCAAGGAGTGCCTCGCAGATCCGTGTCCCCACTGTCTTTCATCGGAAAAAGACAGATTTATTGACAGTTCCACCAGCACCTAAAGATGTATGCCCGACTTTAAAGAAAGGGTTTCTATGTGACAGCAATTTCTGTAAAAAGGATCACCAACTTGAAAGCTTAACAGATAGAGAGTTACTCTTGCTGATTGCACGCAAGACATGTGGATCCACGGAACAACAACTAAGCATAGTTGCTCCAAAAGATTCACGTCTGGCTAATCCTATTGCTGAGGATTTCCAACAAAAAGATGGGCCTAAGGTAACACTGTCGATGCTTATAGAGACAGCAGAGTATTGGTCCAAACAGGACATTAAGAACATCGATGATTCAAGATTAAGAGCTTTATTGACCCTTTGTGCTGTTATGACGCGCAAATTTTCAAAATC,GACGCGCAAATTTTCAAAATCTCAACTTAGCTTGCTATGTGAA
ATATGTGTAAAAGCACAGCAAG,TATGTGTAAAAGCACAGCAAGCAACTTCTTTCATGCTTCATTA
GACGCGCAAATTTTCAAAATCCCAACTTAGCTTGCTATGTGAA,CAACTTAGCTTGCTATGTGAAAGCCACTTACGGCGAGAAGGACTTGGTCAAGACC
CAATCATAATTTGCATTTAGAGTATATTAAGCTCGGTTTCCCTTCATTGGAG,CTCGGTTTCCCTTCATTGGAGAGGGTTTTATACCATAGATACAATTTAGTCGATTCTCAGAAAGGCCCTTTGACTTCCATTGTCCAACATCTAGCGCA
TTATAGAAACAGGAGAACCAGCCAGACAGCAGACAAATAACAATGAACCACAATATGTTACTGCTATAATGAAGTTCGTTAATTCAAAAACAAATGATGAAGAT,TCAAAAACAAATGATGAAGATGAATGCAGATGTCTAAAGGATA
ATAATTTACCTCATCGCTCGTTGAGAATCCTTAAAC,GCTCGTTGAGAATCCTTAAACGTACTTTGAAACACGCTAGTGT
CTTGGAAAGCAATGCAGTCAAGTACCTTGAGGGTCATGGCTTT,TACCTTGAGGGTCATGGCTTTCGCTTTGAGGTCAGGAAAAAGGAAGGAGTCAAGCGACTCGAAGAATTGCTTCCTGCTGCATCCAGTGGCAAGAGCATCAGGAGAACACTGGCTGCAATGCCTGAAGAGGAGACAACAGAAGCAAATGCCGGACAGTTCCTCTCTTTTGCTAGCTTATTTCTTCCTAAGCTAGTTGTCGGAGAAAAAGCCTGTCTAGAAAAGGTGCAGCGGCAAA
TCCAGAATGTCATTAATTTTGCT,CAGAATGTCATTAATTTTGCTCTTGCACTTTTTGATCTACGAT
ATACTGAGACACCTATCCTAGATCGATTGAG,ACCTATCCTAGATCGATTGAGGAAAATTACGCT
GACGAAGAAAACAACACTGAGACAACCATTACCACCACAAAAAATACCACTGCTCCACCAGCACCTGTTTATCGGAGTAATTCAGAAAAGGAGCCCCTCCCGCA,AGAAAAGGAGCCCCTCCCGCACGAAAAATCCCAGAAGCAACCA
GCGTCAGGGATTCTGCAATTGCCCCGTGAGCGCTTCAGGAAAA,CCCGTGAGCGCTTCAGGAAAACATCTTTCTTTGTTTGGGTAATAATCCTATTCCATAAAGTCTTTTCAATCCCGTTGGGGGTTGTACACAACAATACCCTACAAGTGAGTGATATTGACAAGTTTGTGTGCCGAGACAAACTCTCTTCAACTAGCCAATTGAAGTCAGT
CAGGACCAGTCAAATTCTCCCTCCTCCATGAATCAACCTTGAAGACACTTGCTAAAAAACCTGCGACCCAGATGCAAGCACTAATCTTA,CAGATGCAAGCACTAATCTTAGAATTCAATAGTT
CGCAGAAGTAACACAACAGGAGAACTAATCTGGAAAATAAATC,AACTAATCTGGAAAATAAATCCCACTGTTGATACCAGCATGGGTGAGTGGGCTTTCTGGG
AGGTGATTCTCCCCAATGTGCCCTGATCCAAATAACAAAACGGATCCCCATCTTCCAGGATGCCACTCCGCCCACAATTCACATCCGCTCTCGTGG,AATTCACATCCGCTCTCGTGGTGACATCCCACGTGCCTGCCAA
CTGATTGGCTTCTTACTACTGGAACAAACCACTTTCAAATGCGCACA,AACCACTTTCAAATGCGCACACAACAGGCTAAGGAGCAACTAA
AGTAATCATTGCTATTATTGCTTTGCTGTGCATTTGCAAATTC,TTGCTGTGCATTTGCAAATTCATGCTTTGAACTAATATAGCATCATACTTTCTAATATTCCCCCAATATGAATTTTTGTTTTCGATTTTATTTAATGATATATCCTCTGTATACCTCACTAATGTACTCGAGCATAATTTCCCTGATAGACTTGATTGTATTTGATG
GCCAGTTAATTTCTAATATAAGGGTTAAAAAAATGCTGCAGGC,GGTTAAAAAAATGCTGCAGGCCAGCTATTGTTCCACAGGTCCCAATTCTTCTTGTTAAATTGTAGGAGCTAGCACAAGTGATGCAATTAAATGAT
CAAGAGTGGCTTGGAAATAAGGGGCACTTGTTCTTTGTCTCAA,GGCACTTGTTCTTTGTCTCAAAGGACTTACAAAAACAAGGGTGATGAAGATTAAGAAAAAGCCTCCTTCAGTTGCAAGGAGCTAATTCTTAAAACTTCATCTAGACTAAGGATAAATCGATTCCAATCACGATGAGGAGAATCATCCTACCCACGGCACCACCTGAATACATGGAGGCTGTTTACCCAATG
CTATTATGTCTAGGTTCCATGGTGGACAAATAAAAGTCACTTTAAACAATTCTGCAAGCCAGATTACCGATATTACTAATCCAAGTTGGTTGGCAGACCAAAAATCTAGGATCCCTAAGCAAGTAGAGATTATAACCATGGATGCTGAAACAACAGAAAACATTAATCGGTCAAAATTGTACGAAGCAGTCCAACAGCTGATTGTCTCACATATTGATCCGAATGCACTCAAAGTTGTGGTTCTT,GCACTCAAAGTTGTGGTTCTTCAAGTTTTCTTA
TAGCCACAGAACACAGCATTGAAG,CCACAGAACACAGCATTGAAGGAGAAATTATTTCTGGAATAAC
CATGCAACAGTGATAAAAGCATTGCGCCCAATAATAATCTTTGAAACATATTGTGTGTTTAAATACAGCATTGCAAAACATTATTTTGATAGTCAGGGTACGTGGTACAGTGTGACTTCTGACAGATGCTTAACACCAGGCCTTTCCTCTTACATCAAAAGAAACCAATTTCCTCCACTACCTATGATCAAAGAACTTTTGTGGGAATTTTATCACTTAGATCATCCTCCGTTATTCTCCACCAAAGTGATTAGTGATTTGAGTATCTTTATTAAAGATCGTGCTACTGCAGTCGAGAAAACATGCTGGGACGCAGTTTTTGAACCCAATGTTC,CAGTTTTTGAACCCAATGTTCGTGGTTATAACCCACCGAATAA
TTTCGTACCTGTACCAGAAACCCAGAACCAGGTCCTTGACACGACAGCGACGGTCTCTCCTCCCATCTCCGCCCACAACC,CTCCCATCTCCGCCCACAACCGCGCAGCCGAAGACCACAAAGA
GAGCAGGGATTGATCCAATACCCCACAGCCTGGCAGTCAG,ACCCCACAGCCTGGCAGTCAGTTGGACACATGATGGTCATTTTCAGACTGATGAGAACAAATTTTCTAATTAAGTTCCTCCTTATACATCAAGGGATGCATATGGTAGCAGGACACGATGCTAACGATGCTGTCATCGCAAACTCTGTAGCTCAAGCACGTTTTTCAGGATTAT
CAATCATAATTTGCATTTAGATTATATTAATCTCGGTTTCCCTTCATTGGAG,CTCGGTTTCCCTTCATTGGAGAGGGTTTTATACCATAGATACAATTTAGTCGATTCTCAGAAAGGCCCTTTGACTTCCATTGTCCAACATCTAGCGCA
AACTTGATGAAGATTAAGGCAACCAGTGGTGCTATCTTCATCTCTTTGATTTGAGTCTTAAGTGAATACACAGGTTCTAATACTGTTCTTCTGTCCAA,TAATACTGTTCTTCTGTCCAACGGTATAATTCAGCCAGGCCTA
CTCGGTTTCCCTTCATTGGAGAGGGTTTTATACCATAGATACAATTTAGTCGATTCTCAGAAAGGCCCTTTGACTTCCATTGTCCAACATCTAGCGCA,CATTGTCCAACATCTAGCGCACCTGCAGACCGAGATTAGGGAG
ACCGAATAAATTTGCTACAAAAAGGGTACCTGAGCAATTCCTTGAACAGGAGAATTTCTCAATAGAGAG,GGAGAATTTCTCAATAGAGAGAGTCCTACATTATGCTCAACGT
GTTTGCAAGTGATAATTTGGTAGATATCCTAGGTTATGGAGATTATATTTTTTGGAAAATACCATTATCACTACTACCAGTGGATACACAAGGCCTCCCACATGCAGCCAAGGACTGGTATCATGAATCGGTTTTCAAGGAGGCTATTCAAGGCCATACACACATCGTGTCCATCTCTACAGCAGATGTCTTAATCATGTGTAAGGACATAATCACCTGTCGATTTAATACTTTACTGATTGCTGCTGTGGCAAATCTAGAGGATTCAGTTCATTCAGATTACCCTTTACCAGAAACAGTGTCTGACCTATACAAAGCAGGAGATTATTTAATCTCATTGCTAGGATCAGAAGGTTACAAAGTC,GGATCAGAAGGTTACAAAGTCATAAAATTCCTTGAGCCGTTATGCTTAGCAAAGATCCAACTCTGCTCAAATTACACTGAGAGGAAAGGAAGATTCCTCACTCAAATGCATTTAGCTGTAAATCATACACTTGAGGAACTTACAGGGTCCCGAGAATTAAGGCCACAACAGATTCGGAAGGTAAGGGAATTCCATCAAATGCTGATAAACCTTAAGGCAACTCCTCAACA
TCATCAACGGATCCAATCAGTGGTGGGGAAACACGATCATTCA,GTGGGGAAACACGATCATTCACCACTCACTTCTTGACATATCCTAAGATTGGAC
AACAGCAATAACAATAATTTAGTCTCGCACAGAATTGTACTGCCGTTTTTTACAT,TTGTACTGCCGTTTTTTACATTGTCTCATAATTATAACGAAAG
AGAAAAGGAGCCCCTCCCGCAAGAAAAATCCCAGAAG,CCGCAAGAAAAATCCCAGAAGCAACCA
GACACTAGCCAAGCTTGTCGTGGGCACACAGCATTTTATCTTGCAACGTCGACATTCCCATCAATCTGAGGAGTAACAGCTATCAAAACAACGCATATGTAGACATTGTCGGTAATAGTACTGCCTAAGACAACTATTTATAATAACAGTTGGAATTCATTTTTTCACCCAAGCTATTCTCAAGTTAACAGTTGAAACAGGACTCGACCCAGGACAACTCCGGATACGTAACATAAGAAAAGAACAACCCTTGACCCAGAGTGAACAAGCTCATACTATCAAGGCTAATCCTCGGGCCTGCCTGGAGTCCACAATGGCCAAGGCTACTGGGAGGTACAACCTT,GCTACTGGGAGGTACAACCTTATCTCCCCAAAGAAAGATCTTG
GTTAAACCCTAGTGGGTTAAATGTACCGGGGTCACAGGATTTG,GTACCGGGGTCACAGGATTTGACATCCTTCCTACGTCAGATAGTGCG
GGTTTATCACAATGGATGATCGACAATTCTACTGGCCTGTAAT,ACAATTCTACTGGCCTGTAATGAATCACAGGAACAAATTCATGGCTATCCTTCAGCACCACAAGTAATTTCTTCATAATGACAGATCATTGTAAGGTTATTACCACCATCCCTGCAACAAAGCATGAAAACCACACTCAACAAC
CCTGCCACTCCCCGGCCAGTCTTCCCCCAGTCAATGAAAAATGACCATGAGACTCAACATCACA,ACCATGAGACTCAACATCACACTGCCAGAGCACCTCACCGCAA
TTTGGACAAAAAATTCGCAATCTAATTTGCGACAATG,GCAATCTAATTTGCGACAATGAGGTTTTAC
GACATCCCACGTGCCTGCCAAAAAAGTCTCCGTCCAGTTCCTCCATCACCAAAAATAGACAGAGGTTGGGTTTGCATTTTCCAATTGCAGGACGGGAAGACACTTGGGCTCAAGATATAGGGTCCCCCAGTCAAAGACACGTGCGGTCCCATCCTCCCTCACCTTCAGACATC,CCTCCCTCACCTTCAGACATCCACGCATGGCAGTCCCAAACAC
TATCTTCAAATGATCCACATGCATGATTTGTTTTTACCTTTGA,ATGATTTGTTTTTACCTTTGATCGCAAAGAACCCAGGGAACTGTAGCGCAATTGACTTTGTGTTAAACCCTAGTGGGTTAAA
TAATACTGTTCTTCTGTCCAATGGTATAATTCAGCCAGGCCTA,GGTATAATTCAGCCAGGCCTAAGACAGTAGCTAATCACAGTCATCATGGGAGCGTCAGGGATTCTGCAATTG
GAGAAGGACTTGGTCAAGACCGATCAGAGTCAGTTCTGGAGGT,ATCAGAGTCAGTTCTGGAGGTATATCAACGCTTAC
TCAGCCATGAACACCAGAAAAGCAGGACCAGTCAAATTCTCCC,CAGGACCAGTCAAATTCTCCCTCCTCCATGAATCAACCTTGAAGACACTTGCTAAAAAACCTGCGACCCAGATGCAAGCACTAATCTTA
